"","SLNO","Gender","AGE","CASTE","RELIGN","MTONGUE","OCCU","INCOME","Area","WRITE","READ","MATH","TOTAL","Gender_F","Gender_T","OCCU_C","OCCU_A","OCCU_B","OCCU_U","OCCU_H","OCCU_T","RELIGN_H","RELIGN_M","RELIGN_C","CASTE_OT","CASTE_ST","CASTE_SC","MTONGUE_T","MTONGUE_U","MTONGUE_K","MTONGUE_D","MTONGUE_H","acheivers"
"1",1838,"F",25,"OT","H","T","C",5000,0,10,19,8,37,1,0,1,0,0,0,0,0,1,0,0,1,0,0,1,0,0,0,0,0
"2",1539,"F",35,"ST","H","T","C",0,0,18.5,30.5,16,64,1,0,1,0,0,0,0,0,1,0,0,0,1,0,1,0,0,0,0,0
"3",3297,"F",18,"OT","H","T","C",7500,0,17,23,15,55,1,0,1,0,0,0,0,0,1,0,0,1,0,0,1,0,0,0,0,0
"4",337,"F",35,"OT","H","T","C",7000,0,21,34,20,75,1,0,1,0,0,0,0,0,1,0,0,1,0,0,1,0,0,0,0,1
"5",2796,"F",32,"OT","H","T","C",3500,0,14,35,22,71,1,0,1,0,0,0,0,0,1,0,0,1,0,0,1,0,0,0,0,1
"6",2886,"T",40,"OT","H","T","C",7000,3,13,26,21,60,0,1,1,0,0,0,0,0,1,0,0,1,0,0,1,0,0,0,0,0
"7",4846,"T",30,"OT","H","U","C",3000,0,10,29,16,55,0,1,1,0,0,0,0,0,1,0,0,1,0,0,0,1,0,0,0,0
"8",2209,"F",25,"OT","H","T","A",11000,0,11,18,11,40,1,0,0,1,0,0,0,0,1,0,0,1,0,0,1,0,0,0,0,0
"9",3259,"T",25,"SC","H","T","C",4500,0,18,25,18,61,0,1,1,0,0,0,0,0,1,0,0,0,0,1,1,0,0,0,0,0
"10",1015,"F",20,"OT","H","T","C",3000,0,12,16,9,37,1,0,1,0,0,0,0,0,1,0,0,1,0,0,1,0,0,0,0,0
"11",3725,"T",21,"OT","H","T","A",1500,0.5,17,29,20,66,0,1,0,1,0,0,0,0,1,0,0,1,0,0,1,0,0,0,0,0
"12",5257,"F",16,"OT","H","K","A",3000,1,13,24,4,41,1,0,0,1,0,0,0,0,1,0,0,1,0,0,0,0,1,0,0,0
"13",1671,"T",29,"SC","H","T","C",0,0,15,35,18,68,0,1,1,0,0,0,0,0,1,0,0,0,0,1,1,0,0,0,0,0
"14",2374,"F",24,"SC","H","T","C",6000,0,20,25,15,60,1,0,1,0,0,0,0,0,1,0,0,0,0,1,1,0,0,0,0,0
"15",4542,"F",28,"OT","H","T","A",3000,0,25,31,27,83,1,0,0,1,0,0,0,0,1,0,0,1,0,0,1,0,0,0,0,1
"16",3985,"F",21,"OT","H","T","A",5000,0,13,22,27,62,1,0,0,1,0,0,0,0,1,0,0,1,0,0,1,0,0,0,0,0
"17",1219,"T",25,"OT","H","T","C",1000,0,21,39,26,86,0,1,1,0,0,0,0,0,1,0,0,1,0,0,1,0,0,0,0,1
"18",2129,"F",26,"OT","H","T","C",4000,0,17,35,25,77,1,0,1,0,0,0,0,0,1,0,0,1,0,0,1,0,0,0,0,1
"19",2140,"F",20,"OT","H","T","A",7000,0,10,17,9,36,1,0,0,1,0,0,0,0,1,0,0,1,0,0,1,0,0,0,0,0
"20",4108,"F",38,"OT","H","T","C",1000,0,7,12,12,31,1,0,1,0,0,0,0,0,1,0,0,1,0,0,1,0,0,0,0,0
"21",3189,"F",29,"OT","H","T","A",12000,5,18,33,24,75,1,0,0,1,0,0,0,0,1,0,0,1,0,0,1,0,0,0,0,1
"22",4229,"F",24,"SC","H","T","C",7500,0,13,18,20,51,1,0,1,0,0,0,0,0,1,0,0,0,0,1,1,0,0,0,0,0
"23",3203,"T",19,"OT","H","T","A",12000,5,14,33,24,71,0,1,0,1,0,0,0,0,1,0,0,1,0,0,1,0,0,0,0,1
"24",4455,"F",34,"OT","H","T","C",4000,0,20,38,27,85,1,0,1,0,0,0,0,0,1,0,0,1,0,0,1,0,0,0,0,1
"25",2498,"F",19,"OT","H","T","A",5000,0,7,15,12,34,1,0,0,1,0,0,0,0,1,0,0,1,0,0,1,0,0,0,0,0
"26",1020,"F",36,"OT","H","T","C",6500,0,7,13,4,24,1,0,1,0,0,0,0,0,1,0,0,1,0,0,1,0,0,0,0,0
"27",4579,"F",18,"OT","H","T","A",3200,0,17,24,22,63,1,0,0,1,0,0,0,0,1,0,0,1,0,0,1,0,0,0,0,0
"28",5242,"T",30,"OT","H","T","A",12000,0,13,31,23,67,0,1,0,1,0,0,0,0,1,0,0,1,0,0,1,0,0,0,0,0
"29",3263,"F",39,"OT","H","T","C",4500,0,14,13,21,48,1,0,1,0,0,0,0,0,1,0,0,1,0,0,1,0,0,0,0,0
"30",1650,"T",35,"SC","H","T","C",0,0,10,24,12,46,0,1,1,0,0,0,0,0,1,0,0,0,0,1,1,0,0,0,0,0
"31",2901,"F",12,"OT","M","D","B",7000,6,12,3,23,38,1,0,0,0,1,0,0,0,0,1,0,1,0,0,0,0,0,1,0,0
"32",5515,"F",21,"SC","H","T","C",2000,0,19,18,11,48,1,0,1,0,0,0,0,0,1,0,0,0,0,1,1,0,0,0,0,0
"33",2071,"F",37,"OT","H","T","C",12000,0,13,27,10,50,1,0,1,0,0,0,0,0,1,0,0,1,0,0,1,0,0,0,0,0
"34",5665,"T",42,"SC","H","K","A",5000,0,7,34,30,71,0,1,0,1,0,0,0,0,1,0,0,0,0,1,0,0,1,0,0,1
"35",4128,"F",32,"OT","H","T","C",8000,0,14,20,12,46,1,0,1,0,0,0,0,0,1,0,0,1,0,0,1,0,0,0,0,0
"36",5279,"F",25,"OT","H","T","C",3500,0,15,29,14,58,1,0,1,0,0,0,0,0,1,0,0,1,0,0,1,0,0,0,0,0
"37",1071,"F",44,"OT","H","T","C",5000,0,14,20,15,49,1,0,1,0,0,0,0,0,1,0,0,1,0,0,1,0,0,0,0,0
"38",3735,"T",27,"OT","H","T","C",1500,0,16,16,16,48,0,1,1,0,0,0,0,0,1,0,0,1,0,0,1,0,0,0,0,0
"39",5871,"F",30,"OT","H","T","C",4000,0,20,25,24,69,1,0,1,0,0,0,0,0,1,0,0,1,0,0,1,0,0,0,0,0
"40",773,"F",30,"OT","H","T","C",5000,0,22,34,10,66,1,0,1,0,0,0,0,0,1,0,0,1,0,0,1,0,0,0,0,0
"41",1961,"F",23,"SC","H","T","C",12000,0,6,10,6,22,1,0,1,0,0,0,0,0,1,0,0,0,0,1,1,0,0,0,0,0
"42",5130,"T",35,"OT","H","U","A",5000,0,19,25,16,60,0,1,0,1,0,0,0,0,1,0,0,1,0,0,0,1,0,0,0,0
"43",4610,"F",18,"OT","H","T","C",7700,2,16,34,23,73,1,0,1,0,0,0,0,0,1,0,0,1,0,0,1,0,0,0,0,1
"44",4904,"F",16,"SC","H","T","C",5300,0,11,23,14,48,1,0,1,0,0,0,0,0,1,0,0,0,0,1,1,0,0,0,0,0
"45",3576,"F",30,"OT","H","T","C",5000,0,11,14,21,46,1,0,1,0,0,0,0,0,1,0,0,1,0,0,1,0,0,0,0,0
"46",2911,"F",18,"OT","M","D","U",3500,0,6,18,18,42,1,0,0,0,0,1,0,0,0,1,0,1,0,0,0,0,0,1,0,0
"47",4623,"T",26,"SC","H","T","C",4500,0,15,37,21,73,0,1,1,0,0,0,0,0,1,0,0,0,0,1,1,0,0,0,0,1
"48",5238,"T",18,"SC","H","T","A",12000,0,15,29,18,62,0,1,0,1,0,0,0,0,1,0,0,0,0,1,1,0,0,0,0,0
"49",1231,"F",28,"SC","H","T","C",9400,0,10,35,19,64,1,0,1,0,0,0,0,0,1,0,0,0,0,1,1,0,0,0,0,0
"50",1819,"T",32,"OT","H","T","C",5000,0,13,24,11,48,0,1,1,0,0,0,0,0,1,0,0,1,0,0,1,0,0,0,0,0
"51",1957,"F",22,"SC","H","T","C",10000,0,15,6,2,23,1,0,1,0,0,0,0,0,1,0,0,0,0,1,1,0,0,0,0,0
"52",1176,"F",35,"ST","H","T","C",4000,0,18,32,19,69,1,0,1,0,0,0,0,0,1,0,0,0,1,0,1,0,0,0,0,0
"53",1395,"F",35,"ST","H","T","C",6000,0,14,21,18,53,1,0,1,0,0,0,0,0,1,0,0,0,1,0,1,0,0,0,0,0
"54",1627,"T",45,"SC","H","T","C",3000,0,8,32,7,47,0,1,1,0,0,0,0,0,1,0,0,0,0,1,1,0,0,0,0,0
"55",3499,"T",30,"SC","H","T","C",10000,0,24,27,22,73,0,1,1,0,0,0,0,0,1,0,0,0,0,1,1,0,0,0,0,1
"56",1499,"F",29,"SC","H","T","C",5000,0,5.5,34.5,10,50,1,0,1,0,0,0,0,0,1,0,0,0,0,1,1,0,0,0,0,0
"57",731,"F",27,"OT","H","T","C",4000,0,14,35,20,69,1,0,1,0,0,0,0,0,1,0,0,1,0,0,1,0,0,0,0,0
"58",1360,"T",27,"SC","H","T","C",6000,0,16,32,19,67,0,1,1,0,0,0,0,0,1,0,0,0,0,1,1,0,0,0,0,0
"59",3533,"F",42,"OT","H","T","C",5300,0,10,27,23,60,1,0,1,0,0,0,0,0,1,0,0,1,0,0,1,0,0,0,0,0
"60",1250,"F",19,"SC","H","T","C",4000,0,16,39,24,79,1,0,1,0,0,0,0,0,1,0,0,0,0,1,1,0,0,0,0,1
"61",2741,"T",22,"OT","H","T","A",5000,0,14,29,19,62,0,1,0,1,0,0,0,0,1,0,0,1,0,0,1,0,0,0,0,0
"62",3824,"T",15,"OT","H","U","C",5000,0,20,34,13,67,0,1,1,0,0,0,0,0,1,0,0,1,0,0,0,1,0,0,0,0
"63",5676,"T",15,"SC","H","K","A",5300,0,16,28,19,63,0,1,0,1,0,0,0,0,1,0,0,0,0,1,0,0,1,0,0,0
"64",3996,"F",27,"OT","H","T","C",7000,1,14,31,20,65,1,0,1,0,0,0,0,0,1,0,0,1,0,0,1,0,0,0,0,0
"65",2630,"F",32,"OT","H","T","A",7000,0,11,12,7,30,1,0,0,1,0,0,0,0,1,0,0,1,0,0,1,0,0,0,0,0
"66",2113,"F",34,"SC","H","T","C",12000,0,10,3,0,21,1,0,1,0,0,0,0,0,1,0,0,0,0,1,1,0,0,0,0,0
"67",2691,"T",27,"OT","H","T","A",5000,0,12,19,22,53,0,1,0,1,0,0,0,0,1,0,0,1,0,0,1,0,0,0,0,0
"68",5906,"F",16,"OT","H","K","C",6500,0,0,0,0,21,1,0,1,0,0,0,0,0,1,0,0,1,0,0,0,0,1,0,0,0
"69",1447,"F",29,"OT","H","T","C",3000,0,16,38,12,66,1,0,1,0,0,0,0,0,1,0,0,1,0,0,1,0,0,0,0,0
"70",4098,"T",30,"OT","H","T","C",7000,0,13,21,20,54,0,1,1,0,0,0,0,0,1,0,0,1,0,0,1,0,0,0,0,0
"71",2433,"T",27,"SC","H","T","C",5000,0,12,34,24,70,0,1,1,0,0,0,0,0,1,0,0,0,0,1,1,0,0,0,0,0
"72",1934,"F",18,"OT","H","T","A",6000,1,14,34,12,60,1,0,0,1,0,0,0,0,1,0,0,1,0,0,1,0,0,0,0,0
"73",3377,"F",27,"OT","H","T","C",3950,0,16,8,5,29,1,0,1,0,0,0,0,0,1,0,0,1,0,0,1,0,0,0,0,0
"74",5703,"T",20,"OT","H","T","C",3500,0,23,17,16,56,0,1,1,0,0,0,0,0,1,0,0,1,0,0,1,0,0,0,0,0
"75",3902,"T",28,"OT","H","T","A",7500,3,15,23,5,43,0,1,0,1,0,0,0,0,1,0,0,1,0,0,1,0,0,0,0,0
"76",3683,"T",16,"SC","H","K","C",3700,0,18,33,17,68,0,1,1,0,0,0,0,0,1,0,0,0,0,1,0,0,1,0,0,0
"77",5050,"F",28,"OT","H","U","A",4800,5,10,18,14,42,1,0,0,1,0,0,0,0,1,0,0,1,0,0,0,1,0,0,0,0
"78",4566,"F",47,"OT","H","T","A",3600,1,17,24,8,49,1,0,0,1,0,0,0,0,1,0,0,1,0,0,1,0,0,0,0,0
"79",4915,"F",50,"SC","H","U","C",5000,0,10,28,12,50,1,0,1,0,0,0,0,0,1,0,0,0,0,1,0,1,0,0,0,0
"80",540,"F",21,"SC","H","T","C",4500,0,12,34,11,57,1,0,1,0,0,0,0,0,1,0,0,0,0,1,1,0,0,0,0,0
"81",2707,"F",25,"OT","H","T","A",5000,2,15,18,25,58,1,0,0,1,0,0,0,0,1,0,0,1,0,0,1,0,0,0,0,0
"82",3530,"F",30,"OT","H","T","C",7000,1,7,25,16,48,1,0,1,0,0,0,0,0,1,0,0,1,0,0,1,0,0,0,0,0
"83",5416,"T",18,"SC","H","U","C",2000,0,9,22,17,48,0,1,1,0,0,0,0,0,1,0,0,0,0,1,0,1,0,0,0,0
"84",5786,"T",19,"OT","H","K","C",4500,0,20,25,21,66,0,1,1,0,0,0,0,0,1,0,0,1,0,0,0,0,1,0,0,0
"85",223,"F",23,"OT","H","T","A",5000,0.5,14,26,26,66,1,0,0,1,0,0,0,0,1,0,0,1,0,0,1,0,0,0,0,0
"86",3402,"T",21,"OT","H","T","C",9000,0,17,32,24,73,0,1,1,0,0,0,0,0,1,0,0,1,0,0,1,0,0,0,0,1
"87",4315,"F",35,"SC","H","T","C",9000,0,14,30,16,60,1,0,1,0,0,0,0,0,1,0,0,0,0,1,1,0,0,0,0,0
"88",1464,"F",30,"OT","H","T","H",3500,0,13,17.5,25.5,56,1,0,0,0,0,0,1,0,1,0,0,1,0,0,1,0,0,0,0,0
"89",1769,"F",30,"OT","H","T","C",8000,0,17,21,9,47,1,0,1,0,0,0,0,0,1,0,0,1,0,0,1,0,0,0,0,0
"90",4314,"F",29,"SC","H","T","C",5750,0,14,28,18,60,1,0,1,0,0,0,0,0,1,0,0,0,0,1,1,0,0,0,0,0
"91",5333,"T",22,"OT","H","U","A",2000,0,8,31,28,67,0,1,0,1,0,0,0,0,1,0,0,1,0,0,0,1,0,0,0,0
"92",1234,"F",22,"OT","H","T","C",4000,0,18,33,21,72,1,0,1,0,0,0,0,0,1,0,0,1,0,0,1,0,0,0,0,1
"93",2106,"T",30,"OT","H","T","C",5000,0,13,32,13,58,0,1,1,0,0,0,0,0,1,0,0,1,0,0,1,0,0,0,0,0
"94",2635,"T",24,"OT","H","T","C",7000,0,13,24,9,46,0,1,1,0,0,0,0,0,1,0,0,1,0,0,1,0,0,0,0,0
"95",5327,"F",20,"SC","H","K","A",12000,1,22,26,21,69,1,0,0,1,0,0,0,0,1,0,0,0,0,1,0,0,1,0,0,0
"96",2288,"F",27,"SC","H","T","C",6500,0,14,22,19,55,1,0,1,0,0,0,0,0,1,0,0,0,0,1,1,0,0,0,0,0
"97",3040,"T",27,"OT","H","T","C",3500,0,15,22,22,59,0,1,1,0,0,0,0,0,1,0,0,1,0,0,1,0,0,0,0,0
"98",736,"F",29,"SC","H","T","C",3000,0,16,32,16,64,1,0,1,0,0,0,0,0,1,0,0,0,0,1,1,0,0,0,0,0
"99",178,"F",33,"OT","H","T","C",7200,0,9,3,2,21,1,0,1,0,0,0,0,0,1,0,0,1,0,0,1,0,0,0,0,0
"100",1922,"T",18,"OT","H","T","A",2000,1,20,34,5,59,0,1,0,1,0,0,0,0,1,0,0,1,0,0,1,0,0,0,0,0
"101",2286,"F",24,"SC","H","T","C",7500,0,12.5,13.5,7,33,1,0,1,0,0,0,0,0,1,0,0,0,0,1,1,0,0,0,0,0
"102",241,"T",17,"OT","H","T","C",5000,0,25,25,19,69,0,1,1,0,0,0,0,0,1,0,0,1,0,0,1,0,0,0,0,0
"103",2121,"T",32,"OT","H","T","C",12000,0,14,31,7,52,0,1,1,0,0,0,0,0,1,0,0,1,0,0,1,0,0,0,0,0
"104",3350,"F",18,"OT","H","U","B",12000,0,13,22,21,56,1,0,0,0,1,0,0,0,1,0,0,1,0,0,0,1,0,0,0,0
"105",4017,"F",18,"OT","H","U","A",8000,1,17,20,9,46,1,0,0,1,0,0,0,0,1,0,0,1,0,0,0,1,0,0,0,0
"106",5695,"F",29,"ST","H","K","A",4800,0,11,33,30,74,1,0,0,1,0,0,0,0,1,0,0,0,1,0,0,0,1,0,0,1
"107",4116,"F",29,"OT","H","T","C",5000,0,9,10,19,38,1,0,1,0,0,0,0,0,1,0,0,1,0,0,1,0,0,0,0,0
"108",68,"F",17,"SC","H","T","A",5500,1,20.5,19.5,10,50,1,0,0,1,0,0,0,0,1,0,0,0,0,1,1,0,0,0,0,0
"109",3139,"F",43,"OT","H","T","C",4500,0,9,25,26,60,1,0,1,0,0,0,0,0,1,0,0,1,0,0,1,0,0,0,0,0
"110",4903,"F",29,"SC","H","K","C",5000,0,11,26,0,37,1,0,1,0,0,0,0,0,1,0,0,0,0,1,0,0,1,0,0,0
"111",4728,"F",19,"OT","H","T","A",4000,0,14,29,19,62,1,0,0,1,0,0,0,0,1,0,0,1,0,0,1,0,0,0,0,0
"112",475,"T",28,"OT","H","T","C",3500,0,3,6,5.5,21,0,1,1,0,0,0,0,0,1,0,0,1,0,0,1,0,0,0,0,0
"113",1400,"T",17,"SC","H","T","C",1800,0,15,39,23,77,0,1,1,0,0,0,0,0,1,0,0,0,0,1,1,0,0,0,0,1
"114",5657,"T",20,"OT","H","T","A",3000,0,10,22,18,50,0,1,0,1,0,0,0,0,1,0,0,1,0,0,1,0,0,0,0,0
"115",221,"F",23,"SC","H","T","C",12000,0,15,26,23,64,1,0,1,0,0,0,0,0,1,0,0,0,0,1,1,0,0,0,0,0
"116",5365,"T",20,"OT","H","U","C",3000,0,13,26,14,53,0,1,1,0,0,0,0,0,1,0,0,1,0,0,0,1,0,0,0,0
"117",4251,"F",27,"OT","H","T","C",5000,0,8,29,22,59,1,0,1,0,0,0,0,0,1,0,0,1,0,0,1,0,0,0,0,0
"118",1175,"F",21,"SC","H","T","C",2250,0,13,33,16,62,1,0,1,0,0,0,0,0,1,0,0,0,0,1,1,0,0,0,0,0
"119",4917,"T",31,"SC","H","K","C",5000,0,9,23,20,52,0,1,1,0,0,0,0,0,1,0,0,0,0,1,0,0,1,0,0,0
"120",2321,"F",26,"OT","H","T","C",4000,0,21,35,19,75,1,0,1,0,0,0,0,0,1,0,0,1,0,0,1,0,0,0,0,1
"121",2297,"F",26,"SC","H","T","C",6000,0,14,13,6,33,1,0,1,0,0,0,0,0,1,0,0,0,0,1,1,0,0,0,0,0
"122",2764,"F",29,"OT","H","T","C",9800,0,18,28,27,73,1,0,1,0,0,0,0,0,1,0,0,1,0,0,1,0,0,0,0,1
"123",3413,"F",29,"OT","H","T","C",3800,0,2,0,0,21,1,0,1,0,0,0,0,0,1,0,0,1,0,0,1,0,0,0,0,0
"124",2061,"F",30,"OT","H","T","C",4000,0,15,34,14,63,1,0,1,0,0,0,0,0,1,0,0,1,0,0,1,0,0,0,0,0
"125",167,"F",19,"OT","H","T","C",2500,0,23,8,14,45,1,0,1,0,0,0,0,0,1,0,0,1,0,0,1,0,0,0,0,0
"126",5816,"F",30,"OT","H","T","A",12000,2.5,20,29,28,77,1,0,0,1,0,0,0,0,1,0,0,1,0,0,1,0,0,0,0,1
"127",5596,"F",24,"SC","H","U","C",2000,0,15,24,6,45,1,0,1,0,0,0,0,0,1,0,0,0,0,1,0,1,0,0,0,0
"128",3223,"T",18,"OT","H","T","A",6000,1,19,33,20,72,0,1,0,1,0,0,0,0,1,0,0,1,0,0,1,0,0,0,0,1
"129",596,"F",27,"OT","H","T","C",5000,0,13,22,10,45,1,0,1,0,0,0,0,0,1,0,0,1,0,0,1,0,0,0,0,0
"130",1390,"T",13,"SC","H","T","C",2500,0,12,35,14.5,62,0,1,1,0,0,0,0,0,1,0,0,0,0,1,1,0,0,0,0,0
"131",5023,"T",30,"SC","H","U","C",6000,0,15,26,30,71,0,1,1,0,0,0,0,0,1,0,0,0,0,1,0,1,0,0,0,1
"132",4310,"F",32,"SC","H","T","C",4000,0,10,32,24,66,1,0,1,0,0,0,0,0,1,0,0,0,0,1,1,0,0,0,0,0
"133",3385,"T",30,"OT","H","T","C",10000,0,21,34,25,80,0,1,1,0,0,0,0,0,1,0,0,1,0,0,1,0,0,0,0,1
"134",95,"F",36,"OT","H","T","A",5600,3,16,28,15,60,1,0,0,1,0,0,0,0,1,0,0,1,0,0,1,0,0,0,0,0
"135",2755,"F",19,"OT","H","T","C",9000,0,20,31,27,78,1,0,1,0,0,0,0,0,1,0,0,1,0,0,1,0,0,0,0,1
"136",248,"T",18,"OT","H","T","C",5000,0,15,35,20,70,0,1,1,0,0,0,0,0,1,0,0,1,0,0,1,0,0,0,0,0
"137",2702,"F",25,"OT","H","T","A",4000,2,15,4,10,29,1,0,0,1,0,0,0,0,1,0,0,1,0,0,1,0,0,0,0,0
"138",3674,"T",15,"OT","H","U","A",8000,1,21,40,17,78,0,1,0,1,0,0,0,0,1,0,0,1,0,0,0,1,0,0,0,1
"139",3926,"F",25,"OT","H","H","A",7000,0,20,27,23,70,1,0,0,1,0,0,0,0,1,0,0,1,0,0,0,0,0,0,1,0
"140",508,"F",21,"OT","H","T","C",4200,0,17,24,13,54,1,0,1,0,0,0,0,0,1,0,0,1,0,0,1,0,0,0,0,0
"141",837,"F",29,"SC","H","T","C",4800,2,14,10,11,35,1,0,1,0,0,0,0,0,1,0,0,0,0,1,1,0,0,0,0,0
"142",5294,"T",42,"SC","H","K","A",3000,0,12,29,26,67,0,1,0,1,0,0,0,0,1,0,0,0,0,1,0,0,1,0,0,0
"143",714,"F",28,"OT","H","T","C",3000,0,11,27,16,54,1,0,1,0,0,0,0,0,1,0,0,1,0,0,1,0,0,0,0,0
"144",4246,"T",34,"SC","H","T","C",8500,0,7,14,13,34,0,1,1,0,0,0,0,0,1,0,0,0,0,1,1,0,0,0,0,0
"145",5535,"F",21,"SC","H","K","C",3000,0,14,39,28,81,1,0,1,0,0,0,0,0,1,0,0,0,0,1,0,0,1,0,0,1
"146",253,"F",16,"OT","H","T","C",7000,0,16,34,22,72,1,0,1,0,0,0,0,0,1,0,0,1,0,0,1,0,0,0,0,1
"147",115,"F",27,"SC","H","T","C",5000,0,21,18,7,46,1,0,1,0,0,0,0,0,1,0,0,0,0,1,1,0,0,0,0,0
"148",1159,"F",30,"OT","H","T","C",3200,0,21,31,22,74,1,0,1,0,0,0,0,0,1,0,0,1,0,0,1,0,0,0,0,1
"149",2940,"F",19,"OT","H","T","A",6000,2,21,28,16,65,1,0,0,1,0,0,0,0,1,0,0,1,0,0,1,0,0,0,0,0
"150",5391,"T",23,"OT","H","T","C",3000,0,21.5,22,16.5,60,0,1,1,0,0,0,0,0,1,0,0,1,0,0,1,0,0,0,0,0
"151",806,"F",25,"SC","H","T","C",5000,0,15,40,18,73,1,0,1,0,0,0,0,0,1,0,0,0,0,1,1,0,0,0,0,1
"152",985,"F",23,"OT","H","T","C",6000,0,4,18,15,37,1,0,1,0,0,0,0,0,1,0,0,1,0,0,1,0,0,0,0,0
"153",3529,"F",30,"SC","H","T","C",12000,0,13,15,15,43,1,0,1,0,0,0,0,0,1,0,0,0,0,1,1,0,0,0,0,0
"154",4745,"F",25,"OT","H","T","C",5000,0,13,34,16,63,1,0,1,0,0,0,0,0,1,0,0,1,0,0,1,0,0,0,0,0
"155",5927,"T",19,"OT","H","T","A",10000,3.5,14,34,19,67,0,1,0,1,0,0,0,0,1,0,0,1,0,0,1,0,0,0,0,0
"156",4582,"F",18,"OT","H","T","A",6300,0,15,21,14,50,1,0,0,1,0,0,0,0,1,0,0,1,0,0,1,0,0,0,0,0
"157",111,"T",30,"SC","H","T","C",5000,0,11,13,2,26,0,1,1,0,0,0,0,0,1,0,0,0,0,1,1,0,0,0,0,0
"158",4057,"F",25,"OT","H","T","C",5500,0,15,35,25,75,1,0,1,0,0,0,0,0,1,0,0,1,0,0,1,0,0,0,0,1
"159",4736,"T",20,"OT","H","T","C",5000,0,9,23,18,50,0,1,1,0,0,0,0,0,1,0,0,1,0,0,1,0,0,0,0,0
"160",2789,"F",26,"OT","H","T","C",3500,0,7,4,14,25,1,0,1,0,0,0,0,0,1,0,0,1,0,0,1,0,0,0,0,0
"161",938,"F",29,"SC","H","T","C",4100,0,20,20,19,59,1,0,1,0,0,0,0,0,1,0,0,0,0,1,1,0,0,0,0,0
"162",519,"F",32,"OT","H","T","C",4500,0,12,27,19,58,1,0,1,0,0,0,0,0,1,0,0,1,0,0,1,0,0,0,0,0
"163",945,"F",28,"SC","H","T","C",4300,0,13,17,11,41,1,0,1,0,0,0,0,0,1,0,0,0,0,1,1,0,0,0,0,0
"164",156,"T",23,"SC","H","T","A",4800,0,27,31,26,84,0,1,0,1,0,0,0,0,1,0,0,0,0,1,1,0,0,0,0,1
"165",4118,"F",13,"OT","H","T","C",7000,0,10,25,24,59,1,0,1,0,0,0,0,0,1,0,0,1,0,0,1,0,0,0,0,0
"166",4416,"F",32,"SC","H","T","C",5500,0,13,1,3,21,1,0,1,0,0,0,0,0,1,0,0,0,0,1,1,0,0,0,0,0
"167",4975,"F",12,"SC","H","U","C",9600,0,6,24,16,46,1,0,1,0,0,0,0,0,1,0,0,0,0,1,0,1,0,0,0,0
"168",2537,"T",37,"OT","H","T","A",5500,1,13,14,11,38,0,1,0,1,0,0,0,0,1,0,0,1,0,0,1,0,0,0,0,0
"169",2419,"T",36,"OT","H","T","C",8500,0,8,36,25,69,0,1,1,0,0,0,0,0,1,0,0,1,0,0,1,0,0,0,0,0
"170",3396,"T",29,"OT","H","T","C",7500,0,20,34,24,78,0,1,1,0,0,0,0,0,1,0,0,1,0,0,1,0,0,0,0,1
"171",4598,"F",31,"OT","H","T","C",7400,3,16,30,22,68,1,0,1,0,0,0,0,0,1,0,0,1,0,0,1,0,0,0,0,0
"172",1891,"F",20,"OT","H","T","C",4500,0,17,24,14,55,1,0,1,0,0,0,0,0,1,0,0,1,0,0,1,0,0,0,0,0
"173",5551,"F",33,"OT","H","K","A",4000,0,17,40,30,87,1,0,0,1,0,0,0,0,1,0,0,1,0,0,0,0,1,0,0,1
"174",3783,"F",16,"OT","H","T","C",3500,0,14,27,23,64,1,0,1,0,0,0,0,0,1,0,0,1,0,0,1,0,0,0,0,0
"175",2657,"F",30,"SC","H","T","A",6000,0,10,20,13,43,1,0,0,1,0,0,0,0,1,0,0,0,0,1,1,0,0,0,0,0
"176",3510,"T",32,"SC","H","T","C",1000,0,14,30,21,65,0,1,1,0,0,0,0,0,1,0,0,0,0,1,1,0,0,0,0,0
"177",1672,"F",37,"SC","H","T","C",0,0,10,33,16,59,1,0,1,0,0,0,0,0,1,0,0,0,0,1,1,0,0,0,0,0
"178",4156,"F",23,"OT","H","T","C",7500,0,12,19,14,45,1,0,1,0,0,0,0,0,1,0,0,1,0,0,1,0,0,0,0,0
"179",5345,"F",29,"SC","H","K","C",3200,0,11,34,18,63,1,0,1,0,0,0,0,0,1,0,0,0,0,1,0,0,1,0,0,0
"180",3906,"T",18,"OT","H","T","A",7500,0,25,34,22,81,0,1,0,1,0,0,0,0,1,0,0,1,0,0,1,0,0,0,0,1
"181",1076,"F",34,"OT","H","T","C",6000,0,11,22,16,49,1,0,1,0,0,0,0,0,1,0,0,1,0,0,1,0,0,0,0,0
"182",2014,"T",28,"SC","H","T","C",4000,0,9,18,12,39,0,1,1,0,0,0,0,0,1,0,0,0,0,1,1,0,0,0,0,0
"183",715,"F",27,"SC","H","T","C",3000,0,16,29,25,70,1,0,1,0,0,0,0,0,1,0,0,0,0,1,1,0,0,0,0,0
"184",626,"F",16,"OT","H","T","C",5000,0,18,27,13,58,1,0,1,0,0,0,0,0,1,0,0,1,0,0,1,0,0,0,0,0
"185",1723,"T",25,"SC","H","T","C",2800,0,10,33,22,65,0,1,1,0,0,0,0,0,1,0,0,0,0,1,1,0,0,0,0,0
"186",5964,"T",19,"SC","H","K","C",4200,0,27,27,23,77,0,1,1,0,0,0,0,0,1,0,0,0,0,1,0,0,1,0,0,1
"187",5739,"T",26,"OT","H","K","A",1550,1.5,11,20.5,18,50,0,1,0,1,0,0,0,0,1,0,0,1,0,0,0,0,1,0,0,0
"188",2527,"F",47,"OT","H","T","C",5100,0,15,26,23,64,1,0,1,0,0,0,0,0,1,0,0,1,0,0,1,0,0,0,0,0
"189",1171,"F",16,"ST","H","T","C",3000,0,16,21,13,50,1,0,1,0,0,0,0,0,1,0,0,0,1,0,1,0,0,0,0,0
"190",5569,"F",29,"OT","H","U","A",5000,0,8,36,30,74,1,0,0,1,0,0,0,0,1,0,0,1,0,0,0,1,0,0,0,1
"191",3815,"F",17,"OT","H","T","A",5600,3,22,18,22,62,1,0,0,1,0,0,0,0,1,0,0,1,0,0,1,0,0,0,0,0
"192",1722,"T",23,"SC","H","T","C",3000,0,9,33,23,65,0,1,1,0,0,0,0,0,1,0,0,0,0,1,1,0,0,0,0,0
"193",689,"F",23,"OT","H","T","C",3000,3.5,15,19,12,46,1,0,1,0,0,0,0,0,1,0,0,1,0,0,1,0,0,0,0,0
"194",3463,"F",27,"OT","H","T","A",7500,1,13,24,4,41,1,0,0,1,0,0,0,0,1,0,0,1,0,0,1,0,0,0,0,0
"195",694,"F",22,"OT","H","T","C",4500,0,16,30,21,67,1,0,1,0,0,0,0,0,1,0,0,1,0,0,1,0,0,0,0,0
"196",4551,"F",35,"OT","H","T","A",4500,0,16,32,13,61,1,0,0,1,0,0,0,0,1,0,0,1,0,0,1,0,0,0,0,0
"197",2133,"T",21,"OT","H","T","A",10000,0,15,32,12,59,0,1,0,1,0,0,0,0,1,0,0,1,0,0,1,0,0,0,0,0
"198",5518,"F",10,"OT","H","T","A",8000,1,22,26,16,64,1,0,0,1,0,0,0,0,1,0,0,1,0,0,1,0,0,0,0,0
"199",5270,"T",18,"OT","H","U","A",7000,0,17,30,15,62,0,1,0,1,0,0,0,0,1,0,0,1,0,0,0,1,0,0,0,0
"200",4749,"F",20,"OT","H","T","C",9000,5,9,31,14,54,1,0,1,0,0,0,0,0,1,0,0,1,0,0,1,0,0,0,0,0
"201",1843,"T",21,"OT","H","T","C",8000,0,5,29,8,42,0,1,1,0,0,0,0,0,1,0,0,1,0,0,1,0,0,0,0,0
"202",5060,"F",36,"ST","H","U","A",2500,1,0,30,20,50,1,0,0,1,0,0,0,0,1,0,0,0,1,0,0,1,0,0,0,0
"203",4614,"F",27,"SC","H","T","A",7300,1,13,37,21,71,1,0,0,1,0,0,0,0,1,0,0,0,0,1,1,0,0,0,0,1
"204",3524,"F",26,"OT","H","T","C",8000,3,13,34,5,52,1,0,1,0,0,0,0,0,1,0,0,1,0,0,1,0,0,0,0,0
"205",418,"F",23,"SC","H","T","C",4500,0,14,34,22,70,1,0,1,0,0,0,0,0,1,0,0,0,0,1,1,0,0,0,0,0
"206",2429,"F",36,"OT","H","T","C",8600,0,8,35,26,69,1,0,1,0,0,0,0,0,1,0,0,1,0,0,1,0,0,0,0,0
"207",1985,"F",35,"SC","H","T","C",4000,0,17,18,7,42,1,0,1,0,0,0,0,0,1,0,0,0,0,1,1,0,0,0,0,0
"208",4330,"F",28,"SC","H","T","C",5000,0,12,22,14,48,1,0,1,0,0,0,0,0,1,0,0,0,0,1,1,0,0,0,0,0
"209",1260,"F",30,"OT","H","T","C",5000,0,8,33,20,61,1,0,1,0,0,0,0,0,1,0,0,1,0,0,1,0,0,0,0,0
"210",1682,"F",38,"SC","H","T","C",2700,0,10,19,14,43,1,0,1,0,0,0,0,0,1,0,0,0,0,1,1,0,0,0,0,0
"211",2049,"F",38,"OT","H","T","C",10000,3,15,33,14,62,1,0,1,0,0,0,0,0,1,0,0,1,0,0,1,0,0,0,0,0
"212",3637,"F",24,"SC","H","T","C",7500,0,16,21,24,61,1,0,1,0,0,0,0,0,1,0,0,0,0,1,1,0,0,0,0,0
"213",5136,"F",30,"SC","H","T","C",4000,0,12,10,23,45,1,0,1,0,0,0,0,0,1,0,0,0,0,1,1,0,0,0,0,0
"214",4281,"F",36,"OT","H","T","C",6000,0,9,33,16,58,1,0,1,0,0,0,0,0,1,0,0,1,0,0,1,0,0,0,0,0
"215",5903,"T",18,"OT","H","U","C",6000,0,12,19,16,47,0,1,1,0,0,0,0,0,1,0,0,1,0,0,0,1,0,0,0,0
"216",208,"F",35,"OT","H","T","C",2000,0,20,26,13,59,1,0,1,0,0,0,0,0,1,0,0,1,0,0,1,0,0,0,0,0
"217",3269,"F",22,"SC","H","T","C",4500,0,13,16,24,53,1,0,1,0,0,0,0,0,1,0,0,0,0,1,1,0,0,0,0,0
"218",2524,"F",28,"OT","H","T","A",6000,0,10,15,11,36,1,0,0,1,0,0,0,0,1,0,0,1,0,0,1,0,0,0,0,0
"219",3452,"F",28,"OT","H","T","C",12000,0,6,23,11,40,1,0,1,0,0,0,0,0,1,0,0,1,0,0,1,0,0,0,0,0
"220",5468,"T",30,"OT","H","K","A",2000,2,10,31,24,65,0,1,0,1,0,0,0,0,1,0,0,1,0,0,0,0,1,0,0,0
"221",1549,"F",21,"SC","H","T","C",3000,0,6,7,4,21,1,0,1,0,0,0,0,0,1,0,0,0,0,1,1,0,0,0,0,0
"222",3786,"T",22,"OT","H","T","C",1500,0,11,27,8,46,0,1,1,0,0,0,0,0,1,0,0,1,0,0,1,0,0,0,0,0
"223",440,"F",29,"OT","H","T","C",4000,0,13,20,21,54,1,0,1,0,0,0,0,0,1,0,0,1,0,0,1,0,0,0,0,0
"224",410,"F",15,"OT","H","T","A",9000,2,23,27,17,67,1,0,0,1,0,0,0,0,1,0,0,1,0,0,1,0,0,0,0,0
"225",2127,"T",19,"OT","H","T","C",3500,0,14,27,25,66,0,1,1,0,0,0,0,0,1,0,0,1,0,0,1,0,0,0,0,0
"226",1706,"T",29,"SC","H","T","C",2800,0,12,23,15,50,0,1,1,0,0,0,0,0,1,0,0,0,0,1,1,0,0,0,0,0
"227",3164,"F",43,"SC","H","T","C",4000,0,19,34,25,78,1,0,1,0,0,0,0,0,1,0,0,0,0,1,1,0,0,0,0,1
"228",2123,"F",35,"OT","H","T","C",4500,0,11,29,23,63,1,0,1,0,0,0,0,0,1,0,0,1,0,0,1,0,0,0,0,0
"229",4853,"F",32,"OT","H","U","C",7000,0,6,19,6,31,1,0,1,0,0,0,0,0,1,0,0,1,0,0,0,1,0,0,0,0
"230",3562,"F",32,"SC","H","T","C",4900,0,10,7,21,38,1,0,1,0,0,0,0,0,1,0,0,0,0,1,1,0,0,0,0,0
"231",2290,"F",26,"SC","H","T","C",8000,0,11,25,6,42,1,0,1,0,0,0,0,0,1,0,0,0,0,1,1,0,0,0,0,0
"232",1719,"F",23,"SC","H","T","C",1500,0,15,35,16,66,1,0,1,0,0,0,0,0,1,0,0,0,0,1,1,0,0,0,0,0
"233",2186,"F",20,"OT","H","T","A",9000,0,16,29,15,60,1,0,0,1,0,0,0,0,1,0,0,1,0,0,1,0,0,0,0,0
"234",4020,"F",35,"OT","H","T","A",8000,1,21,20,17,58,1,0,0,1,0,0,0,0,1,0,0,1,0,0,1,0,0,0,0,0
"235",5428,"T",25,"OT","H","K","A",3500,0,12,26,22,60,0,1,0,1,0,0,0,0,1,0,0,1,0,0,0,0,1,0,0,0
"236",4430,"T",27,"OT","M","D","B",5500,0,15,34,7,56,0,1,0,0,1,0,0,0,0,1,0,1,0,0,0,0,0,1,0,0
"237",1259,"T",22,"SC","H","T","C",7800,0,17,25,22,64,0,1,1,0,0,0,0,0,1,0,0,0,0,1,1,0,0,0,0,0
"238",4103,"F",20,"OT","H","T","C",5000,0,11,22,22,55,1,0,1,0,0,0,0,0,1,0,0,1,0,0,1,0,0,0,0,0
"239",3805,"T",36,"OT","H","T","C",6000,0,14,29,23,66,0,1,1,0,0,0,0,0,1,0,0,1,0,0,1,0,0,0,0,0
"240",4045,"F",30,"SC","H","T","C",3000,0,12,31,23,66,1,0,1,0,0,0,0,0,1,0,0,0,0,1,1,0,0,0,0,0
"241",1602,"F",38,"SC","H","T","C",3000,0,7,23,6,36,1,0,1,0,0,0,0,0,1,0,0,0,0,1,1,0,0,0,0,0
"242",4078,"F",25,"SC","H","T","C",3000,0,8,23,23,54,1,0,1,0,0,0,0,0,1,0,0,0,0,1,1,0,0,0,0,0
"243",235,"F",36,"OT","H","T","C",2000,0,22,24,20,66,1,0,1,0,0,0,0,0,1,0,0,1,0,0,1,0,0,0,0,0
"244",350,"T",14,"OT","H","T","C",7000,0,24,40,17,81,0,1,1,0,0,0,0,0,1,0,0,1,0,0,1,0,0,0,0,1
"245",1601,"F",43,"SC","H","T","C",3000,0,11,20,11,42,1,0,1,0,0,0,0,0,1,0,0,0,0,1,1,0,0,0,0,0
"246",1728,"T",37,"SC","H","T","C",2800,0,10,31,22,63,0,1,1,0,0,0,0,0,1,0,0,0,0,1,1,0,0,0,0,0
"247",5471,"T",20,"ST","H","K","A",4000,1,10,31,14,55,0,1,0,1,0,0,0,0,1,0,0,0,1,0,0,0,1,0,0,0
"248",2229,"F",19,"SC","H","T","C",5000,0,23,39,17,79,1,0,1,0,0,0,0,0,1,0,0,0,0,1,1,0,0,0,0,1
"249",2126,"T",40,"OT","H","T","C",4500,0,20,34,24,78,0,1,1,0,0,0,0,0,1,0,0,1,0,0,1,0,0,0,0,1
"250",4820,"F",35,"SC","H","T","H",6000,0,16,25,22,63,1,0,0,0,0,0,1,0,1,0,0,0,0,1,1,0,0,0,0,0
"251",4842,"T",29,"OT","H","U","C",4000,0,1,6,0,21,0,1,1,0,0,0,0,0,1,0,0,1,0,0,0,1,0,0,0,0
"252",758,"F",26,"OT","H","T","C",6500,0,10,20,13,43,1,0,1,0,0,0,0,0,1,0,0,1,0,0,1,0,0,0,0,0
"253",3525,"F",29,"OT","H","T","C",4700,0,10,21,0,31,1,0,1,0,0,0,0,0,1,0,0,1,0,0,1,0,0,0,0,0
"254",4520,"T",35,"OT","H","T","A",4500,0,20,35,27,82,0,1,0,1,0,0,0,0,1,0,0,1,0,0,1,0,0,0,0,1
"255",1931,"F",18,"OT","H","T","C",4000,0,19,27,12,58,1,0,1,0,0,0,0,0,1,0,0,1,0,0,1,0,0,0,0,0
"256",5170,"F",32,"OT","H","T","C",6000,0,21,30,21,72,1,0,1,0,0,0,0,0,1,0,0,1,0,0,1,0,0,0,0,1
"257",1128,"F",30,"OT","H","T","C",3000,0,14,23,12,49,1,0,1,0,0,0,0,0,1,0,0,1,0,0,1,0,0,0,0,0
"258",5932,"T",18,"OT","H","T","C",8000,3,0,0,0,21,0,1,1,0,0,0,0,0,1,0,0,1,0,0,1,0,0,0,0,0
"259",4306,"F",32,"SC","H","T","C",7500,0,12,18,20,50,1,0,1,0,0,0,0,0,1,0,0,0,0,1,1,0,0,0,0,0
"260",5200,"F",35,"OT","H","U","A",11000,0,10,14,6,30,1,0,0,1,0,0,0,0,1,0,0,1,0,0,0,1,0,0,0,0
"261",1841,"F",38,"OT","H","T","C",8000,0,16,21,8,45,1,0,1,0,0,0,0,0,1,0,0,1,0,0,1,0,0,0,0,0
"262",492,"F",43,"OT","H","T","C",4200,0,9,16,15,40,1,0,1,0,0,0,0,0,1,0,0,1,0,0,1,0,0,0,0,0
"263",5196,"T",40,"OT","H","U","A",3000,1,17,15,18,50,0,1,0,1,0,0,0,0,1,0,0,1,0,0,0,1,0,0,0,0
"264",5446,"T",30,"OT","H","U","C",5000,0,8,24,15,47,0,1,1,0,0,0,0,0,1,0,0,1,0,0,0,1,0,0,0,0
"265",3826,"T",25,"OT","H","U","C",5000,0,17,37,4,58,0,1,1,0,0,0,0,0,1,0,0,1,0,0,0,1,0,0,0,0
"266",5825,"F",26,"OT","H","U","A",6000,2,26,31,6,63,1,0,0,1,0,0,0,0,1,0,0,1,0,0,0,1,0,0,0,0
"267",2508,"F",31,"OT","H","T","C",7100,0,6,33,14,53,1,0,1,0,0,0,0,0,1,0,0,1,0,0,1,0,0,0,0,0
"268",656,"F",24,"OT","H","T","C",3500,0,9,8,11,28,1,0,1,0,0,0,0,0,1,0,0,1,0,0,1,0,0,0,0,0
"269",3849,"T",21,"OT","H","T","A",6000,2,12,25,8,45,0,1,0,1,0,0,0,0,1,0,0,1,0,0,1,0,0,0,0,0
"270",4167,"T",25,"OT","H","T","C",8500,0,10,21,22,53,0,1,1,0,0,0,0,0,1,0,0,1,0,0,1,0,0,0,0,0
"271",2756,"T",32,"OT","H","T","C",4800,0,21,21,14,56,0,1,1,0,0,0,0,0,1,0,0,1,0,0,1,0,0,0,0,0
"272",974,"T",22,"SC","H","T","C",6000,0,11,26,19,56,0,1,1,0,0,0,0,0,1,0,0,0,0,1,1,0,0,0,0,0
"273",3847,"T",15,"OT","H","T","A",750,3,17,37,10,64,0,1,0,1,0,0,0,0,1,0,0,1,0,0,1,0,0,0,0,0
"274",1497,"F",25,"SC","H","T","C",4500,0,6,27.5,12.5,46,1,0,1,0,0,0,0,0,1,0,0,0,0,1,1,0,0,0,0,0
"275",1944,"F",16,"OT","H","U","A",8000,0,22,34,22,78,1,0,0,1,0,0,0,0,1,0,0,1,0,0,0,1,0,0,0,1
"276",1197,"F",25,"OT","H","T","C",3500,0,9,25,14,48,1,0,1,0,0,0,0,0,1,0,0,1,0,0,1,0,0,0,0,0
"277",93,"F",29,"OT","H","T","A",2000,1,6,3,17,26,1,0,0,1,0,0,0,0,1,0,0,1,0,0,1,0,0,0,0,0
"278",2143,"F",25,"OT","H","T","C",6000,0,15,27,16,58,1,0,1,0,0,0,0,0,1,0,0,1,0,0,1,0,0,0,0,0
"279",3198,"T",25,"OT","H","T","C",3000,0,9,33,23,65,0,1,1,0,0,0,0,0,1,0,0,1,0,0,1,0,0,0,0,0
"280",3866,"T",19,"OT","H","U","C",3600,0,13,33,7,53,0,1,1,0,0,0,0,0,1,0,0,1,0,0,0,1,0,0,0,0
"281",4237,"T",36,"SC","H","T","C",7500,0,7,21,21,49,0,1,1,0,0,0,0,0,1,0,0,0,0,1,1,0,0,0,0,0
"282",5400,"F",45,"OT","H","U","C",5000,0,11,30,9,50,1,0,1,0,0,0,0,0,1,0,0,1,0,0,0,1,0,0,0,0
"283",927,"F",37,"OT","H","T","A",12000,0,25,29,18,72,1,0,0,1,0,0,0,0,1,0,0,1,0,0,1,0,0,0,0,1
"284",1845,"F",30,"OT","H","T","C",9000,0,16,27,6,49,1,0,1,0,0,0,0,0,1,0,0,1,0,0,1,0,0,0,0,0
"285",3620,"F",47,"OT","H","T","C",5000,0,17,17,6,40,1,0,1,0,0,0,0,0,1,0,0,1,0,0,1,0,0,0,0,0
"286",1880,"F",40,"OT","H","T","C",4000,0,14,29,12,55,1,0,1,0,0,0,0,0,1,0,0,1,0,0,1,0,0,0,0,0
"287",3685,"F",20,"SC","H","K","C",3500,0,16,34,19,69,1,0,1,0,0,0,0,0,1,0,0,0,0,1,0,0,1,0,0,0
"288",1720,"F",21,"SC","H","T","C",5000,0,10,36,16,62,1,0,1,0,0,0,0,0,1,0,0,0,0,1,1,0,0,0,0,0
"289",405,"F",35,"OT","H","T","A",7000,0.5,22,33,18,73,1,0,0,1,0,0,0,0,1,0,0,1,0,0,1,0,0,0,0,1
"290",3759,"T",16,"OT","H","T","C",2000,0,18,29,21,68,0,1,1,0,0,0,0,0,1,0,0,1,0,0,1,0,0,0,0,0
"291",5861,"T",13,"OT","H","T","A",3000,0.5,24,33,23,80,0,1,0,1,0,0,0,0,1,0,0,1,0,0,1,0,0,0,0,1
"292",3059,"T",22,"OT","H","T","C",5000,0,15,21,26,62,0,1,1,0,0,0,0,0,1,0,0,1,0,0,1,0,0,0,0,0
"293",4818,"F",28,"SC","H","T","C",5000,0,18,26,22,66,1,0,1,0,0,0,0,0,1,0,0,0,0,1,1,0,0,0,0,0
"294",3704,"T",27,"OT","H","T","C",2000,0,18,18,10,46,0,1,1,0,0,0,0,0,1,0,0,1,0,0,1,0,0,0,0,0
"295",5390,"T",24,"OT","H","T","C",3000,0,21,23,11,55,0,1,1,0,0,0,0,0,1,0,0,1,0,0,1,0,0,0,0,0
"296",3498,"F",28,"OT","H","T","C",7000,0,5,23,14,42,1,0,1,0,0,0,0,0,1,0,0,1,0,0,1,0,0,0,0,0
"297",2793,"F",21,"ST","H","K","C",4800,0,2,0,1,21,1,0,1,0,0,0,0,0,1,0,0,0,1,0,0,0,1,0,0,0
"298",5530,"T",32,"SC","H","K","A",5000,0,16,34,30,80,0,1,0,1,0,0,0,0,1,0,0,0,0,1,0,0,1,0,0,1
"299",2778,"T",30,"OT","H","T","C",12000,5,22,24,20,66,0,1,1,0,0,0,0,0,1,0,0,1,0,0,1,0,0,0,0,0
"300",3711,"F",18,"SC","H","T","A",4000,2,20,17,13,50,1,0,0,1,0,0,0,0,1,0,0,0,0,1,1,0,0,0,0,0
"301",3391,"T",24,"OT","H","T","C",9000,0,23,31,24,78,0,1,1,0,0,0,0,0,1,0,0,1,0,0,1,0,0,0,0,1
"302",5854,"F",17,"OT","H","T","C",3000,0,21,36,15,72,1,0,1,0,0,0,0,0,1,0,0,1,0,0,1,0,0,0,0,1
"303",2083,"T",45,"SC","H","T","C",5000,0,5,0,0,21,0,1,1,0,0,0,0,0,1,0,0,0,0,1,1,0,0,0,0,0
"304",4970,"F",23,"SC","H","U","C",7000,0,12,22,22,56,1,0,1,0,0,0,0,0,1,0,0,0,0,1,0,1,0,0,0,0
"305",2574,"F",30,"OT","H","T","C",2500,0,17,35,27,79,1,0,1,0,0,0,0,0,1,0,0,1,0,0,1,0,0,0,0,1
"306",2809,"F",35,"OT","H","T","C",5000,0,9,29,13,51,1,0,1,0,0,0,0,0,1,0,0,1,0,0,1,0,0,0,0,0
"307",2606,"F",20,"OT","H","T","C",5000,2,19,24,16,59,1,0,1,0,0,0,0,0,1,0,0,1,0,0,1,0,0,0,0,0
"308",3495,"F",25,"OT","H","T","C",7000,1,14,28,16,58,1,0,1,0,0,0,0,0,1,0,0,1,0,0,1,0,0,0,0,0
"309",3416,"F",29,"SC","H","T","C",3000,0,11,18,16,45,1,0,1,0,0,0,0,0,1,0,0,0,0,1,1,0,0,0,0,0
"310",4443,"T",20,"OT","H","T","C",3300,0,16,38,24,78,0,1,1,0,0,0,0,0,1,0,0,1,0,0,1,0,0,0,0,1
"311",5672,"F",15,"SC","H","K","A",5200,0,13,38,30,81,1,0,0,1,0,0,0,0,1,0,0,0,0,1,0,0,1,0,0,1
"312",4346,"F",19,"OT","H","T","C",5500,0,15,28,22,65,1,0,1,0,0,0,0,0,1,0,0,1,0,0,1,0,0,0,0,0
"313",2285,"F",19,"SC","H","T","C",7500,0,11.5,23,7,42,1,0,1,0,0,0,0,0,1,0,0,0,0,1,1,0,0,0,0,0
"314",5965,"T",21,"SC","H","K","C",6000,0,23,27,27,77,0,1,1,0,0,0,0,0,1,0,0,0,0,1,0,0,1,0,0,1
"315",2957,"F",21,"OT","H","T","A",4000,2,17,24,13,54,1,0,0,1,0,0,0,0,1,0,0,1,0,0,1,0,0,0,0,0
"316",5607,"F",45,"OT","C","T","C",5000,0,14,22,28,64,1,0,1,0,0,0,0,0,0,0,1,1,0,0,1,0,0,0,0,0
"317",2426,"F",21,"OT","H","T","C",8500,0,10,34,19,63,1,0,1,0,0,0,0,0,1,0,0,1,0,0,1,0,0,0,0,0
"318",5623,"F",14,"OT","H","K","C",8000,0,20,30,15,65,1,0,1,0,0,0,0,0,1,0,0,1,0,0,0,0,1,0,0,0
"319",4440,"F",29,"OT","H","T","C",3500,0,20,26,28,74,1,0,1,0,0,0,0,0,1,0,0,1,0,0,1,0,0,0,0,1
"320",2912,"F",14,"OT","M","D","B",5000,0,14,27,21,62,1,0,0,0,1,0,0,0,0,1,0,1,0,0,0,0,0,1,0,0
"321",2837,"F",26,"OT","H","T","C",4000,1,9,30,14,53,1,0,1,0,0,0,0,0,1,0,0,1,0,0,1,0,0,0,0,0
"322",5143,"F",30,"OT","H","U","A",4000,2,17,36,22,75,1,0,0,1,0,0,0,0,1,0,0,1,0,0,0,1,0,0,0,1
"323",1492,"T",40,"OT","H","T","A",12000,5,8.5,34,16,59,0,1,0,1,0,0,0,0,1,0,0,1,0,0,1,0,0,0,0,0
"324",981,"F",38,"OT","H","T","C",6500,0,23,21,16,60,1,0,1,0,0,0,0,0,1,0,0,1,0,0,1,0,0,0,0,0
"325",2258,"T",30,"OT","H","T","C",7500,3,14,38,11,63,0,1,1,0,0,0,0,0,1,0,0,1,0,0,1,0,0,0,0,0
"326",3035,"F",25,"OT","H","T","A",6000,2,16,20,14,50,1,0,0,1,0,0,0,0,1,0,0,1,0,0,1,0,0,0,0,0
"327",1381,"T",20,"SC","H","T","C",1200,0,12,33,23,68,0,1,1,0,0,0,0,0,1,0,0,0,0,1,1,0,0,0,0,0
"328",2118,"F",40,"OT","H","T","C",12000,10,15,26,2,43,1,0,1,0,0,0,0,0,1,0,0,1,0,0,1,0,0,0,0,0
"329",3270,"F",30,"SC","H","T","C",4500,0,19,24,21,64,1,0,1,0,0,0,0,0,1,0,0,0,0,1,1,0,0,0,0,0
"330",1178,"T",28,"SC","H","T","C",4000,0,13,21,11,45,0,1,1,0,0,0,0,0,1,0,0,0,0,1,1,0,0,0,0,0
"331",4514,"T",42,"OT","H","T","A",7500,3,22,34,26,82,0,1,0,1,0,0,0,0,1,0,0,1,0,0,1,0,0,0,0,1
"332",3598,"F",29,"OT","H","T","C",5500,2,10,24,16,50,1,0,1,0,0,0,0,0,1,0,0,1,0,0,1,0,0,0,0,0
"333",4146,"F",30,"OT","H","T","C",4000,0,12,25,26,63,1,0,1,0,0,0,0,0,1,0,0,1,0,0,1,0,0,0,0,0
"334",2471,"F",42,"OT","H","T","C",8500,0,9,25,19,53,1,0,1,0,0,0,0,0,1,0,0,1,0,0,1,0,0,0,0,0
"335",3264,"F",25,"OT","H","T","C",4500,0,11,19,11,41,1,0,1,0,0,0,0,0,1,0,0,1,0,0,1,0,0,0,0,0
"336",1441,"T",29,"OT","H","T","C",4500,0,13,31.5,14,59,0,1,1,0,0,0,0,0,1,0,0,1,0,0,1,0,0,0,0,0
"337",2609,"F",31,"OT","H","T","C",4500,0,17,24,18,59,1,0,1,0,0,0,0,0,1,0,0,1,0,0,1,0,0,0,0,0
"338",949,"F",32,"SC","H","T","C",12000,0,19,37,23,79,1,0,1,0,0,0,0,0,1,0,0,0,0,1,1,0,0,0,0,1
"339",3453,"F",37,"OT","H","T","C",3600,0,16,21,22,59,1,0,1,0,0,0,0,0,1,0,0,1,0,0,1,0,0,0,0,0
"340",5388,"T",32,"OT","H","T","C",4000,0,16,23,15,54,0,1,1,0,0,0,0,0,1,0,0,1,0,0,1,0,0,0,0,0
"341",2689,"T",26,"ST","H","T","C",7400,0,18,32,22,72,0,1,1,0,0,0,0,0,1,0,0,0,1,0,1,0,0,0,0,1
"342",4223,"F",20,"OT","H","T","A",12000,4,15,26,22,63,1,0,0,1,0,0,0,0,1,0,0,1,0,0,1,0,0,0,0,0
"343",116,"T",19,"SC","H","T","C",6000,0,22,29,12,63,0,1,1,0,0,0,0,0,1,0,0,0,0,1,1,0,0,0,0,0
"344",961,"F",28,"SC","H","T","C",9000,0,24,30,21,75,1,0,1,0,0,0,0,0,1,0,0,0,0,1,1,0,0,0,0,1
"345",3596,"F",25,"OT","H","U","C",8000,0,19,27,22,68,1,0,1,0,0,0,0,0,1,0,0,1,0,0,0,1,0,0,0,0
"346",5682,"T",14,"ST","H","K","A",5100,0,15,26,8,49,0,1,0,1,0,0,0,0,1,0,0,0,1,0,0,0,1,0,0,0
"347",1993,"F",37,"OT","H","T","C",5000,3,14,21,13,48,1,0,1,0,0,0,0,0,1,0,0,1,0,0,1,0,0,0,0,0
"348",1047,"F",31,"OT","H","T","C",6000,0,15,20,20,55,1,0,1,0,0,0,0,0,1,0,0,1,0,0,1,0,0,0,0,0
"349",5040,"F",28,"SC","H","K","C",9000,0,7,28,24,59,1,0,1,0,0,0,0,0,1,0,0,0,0,1,0,0,1,0,0,0
"350",1335,"T",26,"OT","H","T","C",3500,0,14,30,16,60,0,1,1,0,0,0,0,0,1,0,0,1,0,0,1,0,0,0,0,0
"351",5528,"F",35,"SC","H","U","C",3000,0,10,39,26,75,1,0,1,0,0,0,0,0,1,0,0,0,0,1,0,1,0,0,0,1
"352",120,"F",29,"SC","H","T","C",3500,0,18,27,8,53,1,0,1,0,0,0,0,0,1,0,0,0,0,1,1,0,0,0,0,0
"353",604,"F",38,"OT","H","T","C",5000,0,4,23,19,46,1,0,1,0,0,0,0,0,1,0,0,1,0,0,1,0,0,0,0,0
"354",1374,"T",20,"SC","H","T","C",3100,0,8,33,11,52,0,1,1,0,0,0,0,0,1,0,0,0,0,1,1,0,0,0,0,0
"355",4052,"F",17,"SC","H","T","C",7000,0,21,31,29,81,1,0,1,0,0,0,0,0,1,0,0,0,0,1,1,0,0,0,0,1
"356",184,"F",39,"OT","H","T","C",7500,0,14,29,14,57,1,0,1,0,0,0,0,0,1,0,0,1,0,0,1,0,0,0,0,0
"357",3080,"F",20,"OT","H","T","C",3000,0,15,28,28,71,1,0,1,0,0,0,0,0,1,0,0,1,0,0,1,0,0,0,0,1
"358",3828,"F",20,"OT","H","U","C",4000,0,10,24,14,48,1,0,1,0,0,0,0,0,1,0,0,1,0,0,0,1,0,0,0,0
"359",1683,"F",30,"SC","H","T","C",3000,0,8,9,12,29,1,0,1,0,0,0,0,0,1,0,0,0,0,1,1,0,0,0,0,0
"360",2179,"T",50,"OT","H","T","A",7500,0,15,34,17,66,0,1,0,1,0,0,0,0,1,0,0,1,0,0,1,0,0,0,0,0
"361",4104,"T",27,"OT","H","T","C",6000,0,8,30,25,63,0,1,1,0,0,0,0,0,1,0,0,1,0,0,1,0,0,0,0,0
"362",4260,"F",39,"OT","H","T","C",7000,0,9,29,15,53,1,0,1,0,0,0,0,0,1,0,0,1,0,0,1,0,0,0,0,0
"363",3257,"F",15,"SC","H","T","C",4500,0,14,24,26,64,1,0,1,0,0,0,0,0,1,0,0,0,0,1,1,0,0,0,0,0
"364",2592,"F",35,"OT","H","T","C",7000,0,17,31,21,69,1,0,1,0,0,0,0,0,1,0,0,1,0,0,1,0,0,0,0,0
"365",1995,"F",18,"OT","H","T","A",5000,1,11,20,6,37,1,0,0,1,0,0,0,0,1,0,0,1,0,0,1,0,0,0,0,0
"366",2149,"F",35,"OT","H","T","A",8000,0,8,35,16,59,1,0,0,1,0,0,0,0,1,0,0,1,0,0,1,0,0,0,0,0
"367",1152,"F",37,"SC","H","T","C",5000,0,12,33,13,58,1,0,1,0,0,0,0,0,1,0,0,0,0,1,1,0,0,0,0,0
"368",777,"F",45,"OT","H","T","C",4000,0,18,27,17,62,1,0,1,0,0,0,0,0,1,0,0,1,0,0,1,0,0,0,0,0
"369",2177,"T",40,"SC","H","T","C",4500,0,15,31,18,64,0,1,1,0,0,0,0,0,1,0,0,0,0,1,1,0,0,0,0,0
"370",1488,"F",25,"SC","H","T","C",4500,0,7.5,35,13,56,1,0,1,0,0,0,0,0,1,0,0,0,0,1,1,0,0,0,0,0
"371",3933,"F",30,"OT","H","T","A",6000,2,22,16,21,59,1,0,0,1,0,0,0,0,1,0,0,1,0,0,1,0,0,0,0,0
"372",2281,"F",31,"OT","H","T","C",5000,0,2,22,7,31,1,0,1,0,0,0,0,0,1,0,0,1,0,0,1,0,0,0,0,0
"373",1485,"F",38,"OT","H","T","A",12000,5,7.5,31.5,12,51,1,0,0,1,0,0,0,0,1,0,0,1,0,0,1,0,0,0,0,0
"374",2241,"F",20,"SC","H","T","C",5000,0,15,27,6,48,1,0,1,0,0,0,0,0,1,0,0,0,0,1,1,0,0,0,0,0
"375",1103,"F",23,"OT","H","T","C",5000,3,16,17,17,50,1,0,1,0,0,0,0,0,1,0,0,1,0,0,1,0,0,0,0,0
"376",4636,"T",31,"OT","H","T","A",9700,4,16,35,14,65,0,1,0,1,0,0,0,0,1,0,0,1,0,0,1,0,0,0,0,0
"377",2949,"F",20,"OT","M","D","C",4000,0,18,27,20,65,1,0,1,0,0,0,0,0,0,1,0,1,0,0,0,0,0,1,0,0
"378",2207,"F",42,"OT","H","T","C",6500,0,8,17,11,36,1,0,1,0,0,0,0,0,1,0,0,1,0,0,1,0,0,0,0,0
"379",3205,"F",17,"OT","H","T","A",12000,6,17,32,22,71,1,0,0,1,0,0,0,0,1,0,0,1,0,0,1,0,0,0,0,1
"380",5420,"T",37,"OT","H","U","A",5000,0,10,21,12,43,0,1,0,1,0,0,0,0,1,0,0,1,0,0,0,1,0,0,0,0
"381",3629,"T",35,"SC","H","T","C",5000,0,11,23,13,47,0,1,1,0,0,0,0,0,1,0,0,0,0,1,1,0,0,0,0,0
"382",1862,"F",25,"OT","H","T","C",4000,0,10,19,13,42,1,0,1,0,0,0,0,0,1,0,0,1,0,0,1,0,0,0,0,0
"383",1850,"F",35,"OT","H","T","C",10000,0,14,24,13,51,1,0,1,0,0,0,0,0,1,0,0,1,0,0,1,0,0,0,0,0
"384",5959,"F",15,"SC","H","T","C",3800,0,23,26,16,65,1,0,1,0,0,0,0,0,1,0,0,0,0,1,1,0,0,0,0,0
"385",5717,"T",21,"OT","H","T","C",3500,0,21,6,15,42,0,1,1,0,0,0,0,0,1,0,0,1,0,0,1,0,0,0,0,0
"386",3147,"F",39,"OT","H","T","A",5000,3.5,16,18,26,60,1,0,0,1,0,0,0,0,1,0,0,1,0,0,1,0,0,0,0,0
"387",2852,"T",27,"SC","H","T","C",5000,1,12,32,20,64,0,1,1,0,0,0,0,0,1,0,0,0,0,1,1,0,0,0,0,0
"388",775,"F",31,"OT","H","T","C",2000,0,9,31,24,64,1,0,1,0,0,0,0,0,1,0,0,1,0,0,1,0,0,0,0,0
"389",1337,"T",28,"SC","H","T","C",6000,0,14,7,21,42,0,1,1,0,0,0,0,0,1,0,0,0,0,1,1,0,0,0,0,0
"390",4001,"F",30,"OT","H","U","C",8000,1,24,31,15,70,1,0,1,0,0,0,0,0,1,0,0,1,0,0,0,1,0,0,0,0
"391",1656,"F",39,"SC","H","T","C",0,0,11,17,12,40,1,0,1,0,0,0,0,0,1,0,0,0,0,1,1,0,0,0,0,0
"392",1547,"F",28,"SC","H","T","C",3100,0,17,19,12,48,1,0,1,0,0,0,0,0,1,0,0,0,0,1,1,0,0,0,0,0
"393",2009,"F",26,"OT","H","T","A",6000,1,17,22,6,45,1,0,0,1,0,0,0,0,1,0,0,1,0,0,1,0,0,0,0,0
"394",2436,"F",42,"OT","H","T","C",11000,0,12,35,27,74,1,0,1,0,0,0,0,0,1,0,0,1,0,0,1,0,0,0,0,1
"395",4470,"F",24,"OT","H","T","C",2000,0,8,32,23,63,1,0,1,0,0,0,0,0,1,0,0,1,0,0,1,0,0,0,0,0
"396",2898,"F",13,"OT","M","D","B",10000,10,15,20,18,53,1,0,0,0,1,0,0,0,0,1,0,1,0,0,0,0,0,1,0,0
"397",3874,"T",16,"OT","H","K","A",6000,1,19,17,9,45,0,1,0,1,0,0,0,0,1,0,0,1,0,0,0,0,1,0,0,0
"398",4717,"F",40,"SC","H","T","C",7000,0,13,29,16,58,1,0,1,0,0,0,0,0,1,0,0,0,0,1,1,0,0,0,0,0
"399",4704,"F",15,"OT","H","T","C",5500,0,11,27,14,52,1,0,1,0,0,0,0,0,1,0,0,1,0,0,1,0,0,0,0,0
"400",2180,"F",22,"OT","H","T","A",8000,0,19,33,16,68,1,0,0,1,0,0,0,0,1,0,0,1,0,0,1,0,0,0,0,0
"401",854,"T",38,"SC","H","T","C",1200,1,20,25,11,56,0,1,1,0,0,0,0,0,1,0,0,0,0,1,1,0,0,0,0,0
"402",3555,"T",25,"SC","H","T","C",7000,0,10,24,16,50,0,1,1,0,0,0,0,0,1,0,0,0,0,1,1,0,0,0,0,0
"403",1597,"F",39,"SC","H","T","C",5000,0,19,24,10,53,1,0,1,0,0,0,0,0,1,0,0,0,0,1,1,0,0,0,0,0
"404",5159,"F",35,"OT","H","U","A",7000,2,19,31,24,74,1,0,0,1,0,0,0,0,1,0,0,1,0,0,0,1,0,0,0,1
"405",865,"F",32,"SC","H","T","C",3700,1,26,35,19,80,1,0,1,0,0,0,0,0,1,0,0,0,0,1,1,0,0,0,0,1
"406",5355,"T",20,"OT","H","U","C",2000,0,10,33,20,63,0,1,1,0,0,0,0,0,1,0,0,1,0,0,0,1,0,0,0,0
"407",8,"F",28,"OT","H","T","A",6300,1,22,25,10,57,1,0,0,1,0,0,0,0,1,0,0,1,0,0,1,0,0,0,0,0
"408",3929,"F",25,"OT","H","U","A",8000,1,21,34,22,77,1,0,0,1,0,0,0,0,1,0,0,1,0,0,0,1,0,0,0,1
"409",4292,"F",45,"OT","H","U","C",8000,0,14,35,17,66,1,0,1,0,0,0,0,0,1,0,0,1,0,0,0,1,0,0,0,0
"410",4954,"T",45,"OT","H","T","A",8000,0,12,26,18,56,0,1,0,1,0,0,0,0,1,0,0,1,0,0,1,0,0,0,0,0
"411",5642,"F",13,"SC","H","U","C",4000,0,8,30,30,68,1,0,1,0,0,0,0,0,1,0,0,0,0,1,0,1,0,0,0,0
"412",5789,"T",25,"OT","H","T","A",1000,0,18,23.5,12,54,0,1,0,1,0,0,0,0,1,0,0,1,0,0,1,0,0,0,0,0
"413",5139,"F",35,"OT","H","T","C",12000,0,8,19,14,41,1,0,1,0,0,0,0,0,1,0,0,1,0,0,1,0,0,0,0,0
"414",509,"T",21,"OT","H","T","C",4200,0,15,22,17,54,0,1,1,0,0,0,0,0,1,0,0,1,0,0,1,0,0,0,0,0
"415",2754,"F",28,"OT","H","T","C",4000,2,11,23,15,49,1,0,1,0,0,0,0,0,1,0,0,1,0,0,1,0,0,0,0,0
"416",1095,"F",35,"OT","H","T","C",6500,0,10,21,12,43,1,0,1,0,0,0,0,0,1,0,0,1,0,0,1,0,0,0,0,0
"417",5511,"T",21,"SC","H","T","C",3000,0,12,16,17,45,0,1,1,0,0,0,0,0,1,0,0,0,0,1,1,0,0,0,0,0
"418",205,"F",30,"SC","H","T","C",3000,0,18,22,13,53,1,0,1,0,0,0,0,0,1,0,0,0,0,1,1,0,0,0,0,0
"419",1206,"F",18,"SC","H","T","C",3250,0,10,33,17,60,1,0,1,0,0,0,0,0,1,0,0,0,0,1,1,0,0,0,0,0
"420",4936,"T",12,"OT","H","U","C",6600,0,18,27,6,51,0,1,1,0,0,0,0,0,1,0,0,1,0,0,0,1,0,0,0,0
"421",659,"F",50,"OT","H","T","C",2800,0,8,18,12,38,1,0,1,0,0,0,0,0,1,0,0,1,0,0,1,0,0,0,0,0
"422",2044,"F",35,"OT","H","T","C",12000,0,15,31,13,59,1,0,1,0,0,0,0,0,1,0,0,1,0,0,1,0,0,0,0,0
"423",900,"F",37,"OT","H","T","C",5300,0,9,0,20,29,1,0,1,0,0,0,0,0,1,0,0,1,0,0,1,0,0,0,0,0
"424",923,"F",24,"OT","H","T","C",6700,0,16,24,10,50,1,0,1,0,0,0,0,0,1,0,0,1,0,0,1,0,0,0,0,0
"425",5383,"F",23,"OT","H","U","A",12000,2,16,21,12,49,1,0,0,1,0,0,0,0,1,0,0,1,0,0,0,1,0,0,0,0
"426",4485,"F",22,"OT","H","T","C",6000,0,14,36,25,75,1,0,1,0,0,0,0,0,1,0,0,1,0,0,1,0,0,0,0,1
"427",5275,"T",18,"OT","H","U","A",8000,2,13,19,16,48,0,1,0,1,0,0,0,0,1,0,0,1,0,0,0,1,0,0,0,0
"428",2213,"F",26,"OT","H","T","A",5000,0,13,29,15,57,1,0,0,1,0,0,0,0,1,0,0,1,0,0,1,0,0,0,0,0
"429",4714,"F",19,"OT","H","T","C",7000,0,14,22,18,54,1,0,1,0,0,0,0,0,1,0,0,1,0,0,1,0,0,0,0,0
"430",357,"T",12,"OT","H","T","C",5000,0,18,35,17,70,0,1,1,0,0,0,0,0,1,0,0,1,0,0,1,0,0,0,0,0
"431",1673,"F",25,"SC","H","T","C",0,0,10,34,17,61,1,0,1,0,0,0,0,0,1,0,0,0,0,1,1,0,0,0,0,0
"432",2712,"F",23,"ST","H","T","C",11000,0,13,24,19,56,1,0,1,0,0,0,0,0,1,0,0,0,1,0,1,0,0,0,0,0
"433",3572,"T",45,"SC","H","T","C",5000,0,8,34,11,53,0,1,1,0,0,0,0,0,1,0,0,0,0,1,1,0,0,0,0,0
"434",2822,"F",27,"OT","H","T","C",6000,3,13,20,14,47,1,0,1,0,0,0,0,0,1,0,0,1,0,0,1,0,0,0,0,0
"435",4405,"T",28,"OT","H","T","C",6600,0,21,34,18,73,0,1,1,0,0,0,0,0,1,0,0,1,0,0,1,0,0,0,0,1
"436",3122,"F",19,"OT","H","T","C",3000,0,16,34,24,74,1,0,1,0,0,0,0,0,1,0,0,1,0,0,1,0,0,0,0,1
"437",1953,"T",30,"OT","H","T","A",12000,0,17,33,17,67,0,1,0,1,0,0,0,0,1,0,0,1,0,0,1,0,0,0,0,0
"438",3640,"F",30,"OT","H","T","C",12000,0,10,30,13,53,1,0,1,0,0,0,0,0,1,0,0,1,0,0,1,0,0,0,0,0
"439",1322,"F",32,"SC","H","T","C",3500,0,23,24,3,50,1,0,1,0,0,0,0,0,1,0,0,0,0,1,1,0,0,0,0,0
"440",5883,"T",35,"OT","H","U","A",7500,0,11,15,9,35,0,1,0,1,0,0,0,0,1,0,0,1,0,0,0,1,0,0,0,0
"441",2861,"F",32,"SC","H","T","C",6000,1,11,36,6,53,1,0,1,0,0,0,0,0,1,0,0,0,0,1,1,0,0,0,0,0
"442",4072,"F",17,"SC","M","D","C",8000,0,9,18,15,42,1,0,1,0,0,0,0,0,0,1,0,0,0,1,0,0,0,1,0,0
"443",4302,"F",31,"OT","H","T","C",12000,0,13,36,21,70,1,0,1,0,0,0,0,0,1,0,0,1,0,0,1,0,0,0,0,0
"444",633,"F",27,"OT","H","T","C",5000,0,13,22,20,55,1,0,1,0,0,0,0,0,1,0,0,1,0,0,1,0,0,0,0,0
"445",3378,"F",30,"SC","H","T","C",5000,0,12,20,18,50,1,0,1,0,0,0,0,0,1,0,0,0,0,1,1,0,0,0,0,0
"446",3496,"F",35,"OT","H","T","C",3000,0,15,33,7,55,1,0,1,0,0,0,0,0,1,0,0,1,0,0,1,0,0,0,0,0
"447",1514,"F",29,"SC","H","T","C",3000,0,15,26.5,26.5,68,1,0,1,0,0,0,0,0,1,0,0,0,0,1,1,0,0,0,0,0
"448",1945,"F",22,"OT","H","U","A",10000,3,18,28,14,60,1,0,0,1,0,0,0,0,1,0,0,1,0,0,0,1,0,0,0,0
"449",3697,"F",42,"SC","H","U","A",3000,0,20,28,10,58,1,0,0,1,0,0,0,0,1,0,0,0,0,1,0,1,0,0,0,0
"450",4996,"T",26,"OT","H","U","C",5000,0,12,29,24,65,0,1,1,0,0,0,0,0,1,0,0,1,0,0,0,1,0,0,0,0
"451",4023,"F",25,"OT","H","T","A",9000,1,22,25,17,64,1,0,0,1,0,0,0,0,1,0,0,1,0,0,1,0,0,0,0,0
"452",5066,"T",28,"SC","H","T","A",10000,0,13,27,14,54,0,1,0,1,0,0,0,0,1,0,0,0,0,1,1,0,0,0,0,0
"453",5878,"F",20,"OT","H","T","C",7000,2,20,35,10,65,1,0,1,0,0,0,0,0,1,0,0,1,0,0,1,0,0,0,0,0
"454",4703,"T",41,"OT","H","T","C",5000,0,13,29,26,68,0,1,1,0,0,0,0,0,1,0,0,1,0,0,1,0,0,0,0,0
"455",302,"T",21,"OT","H","T","A",5000,0,22,31,19,72,0,1,0,1,0,0,0,0,1,0,0,1,0,0,1,0,0,0,0,1
"456",1398,"F",30,"SC","H","T","H",3500,0,13,33,6,52,1,0,0,0,0,0,1,0,1,0,0,0,0,1,1,0,0,0,0,0
"457",2020,"F",19,"OT","H","T","C",10000,0,12,10,1,23,1,0,1,0,0,0,0,0,1,0,0,1,0,0,1,0,0,0,0,0
"458",1984,"F",35,"SC","H","T","C",4000,0,12,23,11,46,1,0,1,0,0,0,0,0,1,0,0,0,0,1,1,0,0,0,0,0
"459",1543,"F",20,"SC","H","T","C",3000,0,6,9,4,21,1,0,1,0,0,0,0,0,1,0,0,0,0,1,1,0,0,0,0,0
"460",2138,"F",32,"OT","H","T","C",7000,0,11,31,11,53,1,0,1,0,0,0,0,0,1,0,0,1,0,0,1,0,0,0,0,0
"461",1915,"F",32,"OT","H","T","A",5000,3,17,34,5,56,1,0,0,1,0,0,0,0,1,0,0,1,0,0,1,0,0,0,0,0
"462",1534,"F",45,"OT","H","T","A",12000,4,12,23,23,58,1,0,0,1,0,0,0,0,1,0,0,1,0,0,1,0,0,0,0,0
"463",4403,"F",18,"OT","H","T","C",5000,0,20,34,24,78,1,0,1,0,0,0,0,0,1,0,0,1,0,0,1,0,0,0,0,1
"464",5747,"F",24,"OT","H","K","A",8000,2,21,28,4,53,1,0,0,1,0,0,0,0,1,0,0,1,0,0,0,0,1,0,0,0
"465",4139,"F",28,"OT","H","T","C",5000,0,14,28,27,69,1,0,1,0,0,0,0,0,1,0,0,1,0,0,1,0,0,0,0,0
"466",3315,"F",17,"OT","H","T","C",6000,0,22,24,18,64,1,0,1,0,0,0,0,0,1,0,0,1,0,0,1,0,0,0,0,0
"467",3262,"F",30,"OT","H","T","C",4500,0,13,19,22,54,1,0,1,0,0,0,0,0,1,0,0,1,0,0,1,0,0,0,0,0
"468",5686,"F",35,"OT","H","K","A",5200,0,18,39,26,83,1,0,0,1,0,0,0,0,1,0,0,1,0,0,0,0,1,0,0,1
"469",1311,"T",38,"SC","H","T","C",6000,0,13,29,10,52,0,1,1,0,0,0,0,0,1,0,0,0,0,1,1,0,0,0,0,0
"470",2494,"T",17,"OT","H","T","A",7000,3,13,30,13,56,0,1,0,1,0,0,0,0,1,0,0,1,0,0,1,0,0,0,0,0
"471",5464,"T",22,"SC","H","U","U",8000,0,3,29,16,48,0,1,0,0,0,1,0,0,1,0,0,0,0,1,0,1,0,0,0,0
"472",455,"F",35,"OT","H","T","C",3000,0,8,21.5,19,49,1,0,1,0,0,0,0,0,1,0,0,1,0,0,1,0,0,0,0,0
"473",285,"T",20,"OT","H","T","C",4000,0,8,25,15,48,0,1,1,0,0,0,0,0,1,0,0,1,0,0,1,0,0,0,0,0
"474",2709,"F",37,"ST","H","T","C",10000,0,19,31,21,71,1,0,1,0,0,0,0,0,1,0,0,0,1,0,1,0,0,0,0,1
"475",297,"T",27,"OT","H","T","C",4500,0,15,24,11,50,0,1,1,0,0,0,0,0,1,0,0,1,0,0,1,0,0,0,0,0
"476",5212,"T",23,"OT","H","U","A",7000,4,9,4,22,35,0,1,0,1,0,0,0,0,1,0,0,1,0,0,0,1,0,0,0,0
"477",3472,"F",28,"OT","H","T","A",7000,1,6,20,15,41,1,0,0,1,0,0,0,0,1,0,0,1,0,0,1,0,0,0,0,0
"478",1480,"F",45,"OT","H","T","C",5000,0,5,34,14,53,1,0,1,0,0,0,0,0,1,0,0,1,0,0,1,0,0,0,0,0
"479",5463,"T",25,"OT","H","U","A",5000,1,5,30,16,51,0,1,0,1,0,0,0,0,1,0,0,1,0,0,0,1,0,0,0,0
"480",1966,"F",29,"SC","H","T","C",10000,0,9,28,7,44,1,0,1,0,0,0,0,0,1,0,0,0,0,1,1,0,0,0,0,0
"481",2037,"F",28,"OT","H","T","C",12000,2,16,32,13,61,1,0,1,0,0,0,0,0,1,0,0,1,0,0,1,0,0,0,0,0
"482",1809,"F",15,"OT","H","T","C",5400,0,9,24,10,43,1,0,1,0,0,0,0,0,1,0,0,1,0,0,1,0,0,0,0,0
"483",572,"F",29,"SC","H","T","C",3500,0,11,16,10,37,1,0,1,0,0,0,0,0,1,0,0,0,0,1,1,0,0,0,0,0
"484",3175,"T",20,"OT","H","T","A",6000,5,16,33,25,74,0,1,0,1,0,0,0,0,1,0,0,1,0,0,1,0,0,0,0,1
"485",1824,"F",32,"OT","H","T","C",4500,0,5,17,8,30,1,0,1,0,0,0,0,0,1,0,0,1,0,0,1,0,0,0,0,0
"486",21,"T",20,"OT","H","T","A",3500,1.25,18,31,14,63,0,1,0,1,0,0,0,0,1,0,0,1,0,0,1,0,0,0,0,0
"487",5443,"F",17,"SC","H","T","A",3500,0,11,24,16,51,1,0,0,1,0,0,0,0,1,0,0,0,0,1,1,0,0,0,0,0
"488",2021,"F",35,"OT","H","T","C",10000,0,9,6,1,21,1,0,1,0,0,0,0,0,1,0,0,1,0,0,1,0,0,0,0,0
"489",1205,"T",32,"OT","H","T","C",3750,0,19,22,13,54,0,1,1,0,0,0,0,0,1,0,0,1,0,0,1,0,0,0,0,0
"490",4065,"F",26,"SC","M","D","C",6000,0,8,18,4,30,1,0,1,0,0,0,0,0,0,1,0,0,0,1,0,0,0,1,0,0
"491",5529,"T",21,"SC","H","K","C",5000,0,11,26,24,61,0,1,1,0,0,0,0,0,1,0,0,0,0,1,0,0,1,0,0,0
"492",2199,"T",22,"OT","H","T","A",9500,0,11,25,9,45,0,1,0,1,0,0,0,0,1,0,0,1,0,0,1,0,0,0,0,0
"493",2152,"F",35,"OT","H","T","A",7500,0,14,24,18,56,1,0,0,1,0,0,0,0,1,0,0,1,0,0,1,0,0,0,0,0
"494",2409,"F",24,"OT","H","T","C",2800,0,8,34,25,67,1,0,1,0,0,0,0,0,1,0,0,1,0,0,1,0,0,0,0,0
"495",5621,"F",28,"SC","H","K","C",4000,0,19,32,22,73,1,0,1,0,0,0,0,0,1,0,0,0,0,1,0,0,1,0,0,1
"496",1145,"F",27,"SC","H","T","C",3600,0,20,24,17,61,1,0,1,0,0,0,0,0,1,0,0,0,0,1,1,0,0,0,0,0
"497",4087,"F",29,"OT","H","T","C",4000,0,11,33,22,66,1,0,1,0,0,0,0,0,1,0,0,1,0,0,1,0,0,0,0,0
"498",3197,"T",55,"OT","H","T","A",12000,4,11,33,23,67.6,0,1,0,1,0,0,0,0,1,0,0,1,0,0,1,0,0,0,0,0
"499",1772,"T",22,"OT","H","T","C",2400,0,9,13,19,41,0,1,1,0,0,0,0,0,1,0,0,1,0,0,1,0,0,0,0,0
"500",2048,"F",29,"OT","H","T","C",6000,0,15,27,13,55,1,0,1,0,0,0,0,0,1,0,0,1,0,0,1,0,0,0,0,0
"501",148,"T",23,"OT","H","T","C",8000,0,17,30,7,54,0,1,1,0,0,0,0,0,1,0,0,1,0,0,1,0,0,0,0,0
"502",2638,"F",33,"OT","H","T","C",6000,0,9,24,13,46,1,0,1,0,0,0,0,0,1,0,0,1,0,0,1,0,0,0,0,0
"503",5293,"T",27,"OT","H","U","A",2000,1,17,26,20,63,0,1,0,1,0,0,0,0,1,0,0,1,0,0,0,1,0,0,0,0
"504",3,"F",22,"OT","H","T","A",12000,2,21,29,20,70,1,0,0,1,0,0,0,0,1,0,0,1,0,0,1,0,0,0,0,0
"505",577,"F",35,"SC","H","T","C",6000,0,8,30,14,52,1,0,1,0,0,0,0,0,1,0,0,0,0,1,1,0,0,0,0,0
"506",2400,"F",40,"OT","H","T","C",7500,0,10,0,0,21,1,0,1,0,0,0,0,0,1,0,0,1,0,0,1,0,0,0,0,0
"507",1703,"T",30,"SC","H","T","C",2800,0,16,29,22,67,0,1,1,0,0,0,0,0,1,0,0,0,0,1,1,0,0,0,0,0
"508",5295,"T",40,"SC","H","K","A",7000,1,7,17,22,46,0,1,0,1,0,0,0,0,1,0,0,0,0,1,0,0,1,0,0,0
"509",3190,"T",15,"OT","H","T","A",12000,4,12,33,25,70,0,1,0,1,0,0,0,0,1,0,0,1,0,0,1,0,0,0,0,0
"510",4000,"F",40,"OT","H","U","C",6000,0,20,13,15,48,1,0,1,0,0,0,0,0,1,0,0,1,0,0,0,1,0,0,0,0
"511",3615,"F",34,"OT","H","T","C",9000,0,13,21,13,47,1,0,1,0,0,0,0,0,1,0,0,1,0,0,1,0,0,0,0,0
"512",3939,"F",35,"OT","H","T","A",8000,0,16,23,16,55,1,0,0,1,0,0,0,0,1,0,0,1,0,0,1,0,0,0,0,0
"513",605,"F",18,"OT","H","T","C",4000,2.5,10,23,17,50,1,0,1,0,0,0,0,0,1,0,0,1,0,0,1,0,0,0,0,0
"514",1191,"F",25,"OT","H","T","H",4500,0,13,35,11,59,1,0,0,0,0,0,1,0,1,0,0,1,0,0,1,0,0,0,0,0
"515",3390,"F",48,"SC","H","T","C",5000,0,11,8,5,24,1,0,1,0,0,0,0,0,1,0,0,0,0,1,1,0,0,0,0,0
"516",5222,"T",30,"SC","H","T","A",3500,2,20,31,8,59,0,1,0,1,0,0,0,0,1,0,0,0,0,1,1,0,0,0,0,0
"517",4421,"T",38,"OT","H","T","C",4000,0,25,33,18,76,0,1,1,0,0,0,0,0,1,0,0,1,0,0,1,0,0,0,0,1
"518",121,"F",25,"SC","H","T","C",3500,0,19,19,7,45,1,0,1,0,0,0,0,0,1,0,0,0,0,1,1,0,0,0,0,0
"519",3714,"T",14,"OT","H","T","A",4000,3,16,25,7,48,0,1,0,1,0,0,0,0,1,0,0,1,0,0,1,0,0,0,0,0
"520",4519,"F",26,"OT","H","T","A",4500,0.5,20,34,27,81,1,0,0,1,0,0,0,0,1,0,0,1,0,0,1,0,0,0,0,1
"521",4393,"F",16,"OT","H","T","C",4500,0,15,34,19,68,1,0,1,0,0,0,0,0,1,0,0,1,0,0,1,0,0,0,0,0
"522",4578,"F",18,"OT","H","T","A",7200,3,12,19,22,53,1,0,0,1,0,0,0,0,1,0,0,1,0,0,1,0,0,0,0,0
"523",1021,"F",30,"OT","H","T","C",3000,0,19,19,14,52,1,0,1,0,0,0,0,0,1,0,0,1,0,0,1,0,0,0,0,0
"524",517,"F",32,"OT","H","T","C",3500,0,16,25,19,60,1,0,1,0,0,0,0,0,1,0,0,1,0,0,1,0,0,0,0,0
"525",2439,"F",40,"OT","H","T","C",7400,0,13,35,27,75,1,0,1,0,0,0,0,0,1,0,0,1,0,0,1,0,0,0,0,1
"526",4691,"T",52,"OT","H","T","C",6500,0,14,29,26,69,0,1,1,0,0,0,0,0,1,0,0,1,0,0,1,0,0,0,0,0
"527",4625,"F",24,"OT","H","T","C",4500,0,14,37,21,72,1,0,1,0,0,0,0,0,1,0,0,1,0,0,1,0,0,0,0,1
"528",3789,"F",18,"OT","H","T","C",1500,0,7,30,16,53,1,0,1,0,0,0,0,0,1,0,0,1,0,0,1,0,0,0,0,0
"529",3497,"T",36,"SC","H","T","C",6000,0,5,25,13,43,0,1,1,0,0,0,0,0,1,0,0,0,0,1,1,0,0,0,0,0
"530",3554,"F",68,"OT","H","T","C",5000,0,20,31,26,77,1,0,1,0,0,0,0,0,1,0,0,1,0,0,1,0,0,0,0,1
"531",4778,"T",21,"OT","H","T","A",3600,1,15,31,26,72,0,1,0,1,0,0,0,0,1,0,0,1,0,0,1,0,0,0,0,1
"532",4650,"F",45,"OT","H","T","C",3000,0,9,32,23,64,1,0,1,0,0,0,0,0,1,0,0,1,0,0,1,0,0,0,0,0
"533",4595,"F",40,"OT","H","T","C",7200,1,12,23,17,52,1,0,1,0,0,0,0,0,1,0,0,1,0,0,1,0,0,0,0,0
"534",5460,"T",23,"OT","H","U","A",2000,0,5,28,23,56,0,1,0,1,0,0,0,0,1,0,0,1,0,0,0,1,0,0,0,0
"535",2967,"F",35,"SC","H","T","C",4500,0,11,28,14,53,1,0,1,0,0,0,0,0,1,0,0,0,0,1,1,0,0,0,0,0
"536",3982,"F",40,"OT","H","T","A",10000,0,17,25,25,67,1,0,0,1,0,0,0,0,1,0,0,1,0,0,1,0,0,0,0,0
"537",4366,"T",37,"OT","H","T","C",12000,0,15,30,22,67,0,1,1,0,0,0,0,0,1,0,0,1,0,0,1,0,0,0,0,0
"538",1119,"T",37,"OT","H","T","C",6800,0,12,19,22,53,0,1,1,0,0,0,0,0,1,0,0,1,0,0,1,0,0,0,0,0
"539",4770,"F",32,"OT","H","T","C",5500,0,5,24,15,44,1,0,1,0,0,0,0,0,1,0,0,1,0,0,1,0,0,0,0,0
"540",2146,"F",24,"OT","H","T","B",11000,0,10,20,18,48,1,0,0,0,1,0,0,0,1,0,0,1,0,0,1,0,0,0,0,0
"541",5325,"F",19,"OT","H","U","A",2000,1,12,28,22,62,1,0,0,1,0,0,0,0,1,0,0,1,0,0,0,1,0,0,0,0
"542",4921,"T",16,"SC","H","U","C",6600,0,20,29,22,71,0,1,1,0,0,0,0,0,1,0,0,0,0,1,0,1,0,0,0,1
"543",3872,"T",28,"OT","H","U","C",6000,0,18,24,10,52,0,1,1,0,0,0,0,0,1,0,0,1,0,0,0,1,0,0,0,0
"544",1276,"F",22,"SC","H","T","C",5400,0,19,22,25,66,1,0,1,0,0,0,0,0,1,0,0,0,0,1,1,0,0,0,0,0
"545",22,"F",34,"SC","H","T","C",3900,0,7,0,2,21,1,0,1,0,0,0,0,0,1,0,0,0,0,1,1,0,0,0,0,0
"546",2594,"F",25,"SC","H","T","A",3000,1,20,30,29,79,1,0,0,1,0,0,0,0,1,0,0,0,0,1,1,0,0,0,0,1
"547",4719,"T",18,"OT","H","T","A",7000,0,15,31,24,70,0,1,0,1,0,0,0,0,1,0,0,1,0,0,1,0,0,0,0,0
"548",1419,"T",15,"SC","H","T","C",2500,0,14,35,9,58,0,1,1,0,0,0,0,0,1,0,0,0,0,1,1,0,0,0,0,0
"549",3588,"F",30,"SC","H","T","C",9000,0,20,15,26,61,1,0,1,0,0,0,0,0,1,0,0,0,0,1,1,0,0,0,0,0
"550",4757,"F",28,"SC","H","T","C",6000,1,6,0,0,21,1,0,1,0,0,0,0,0,1,0,0,0,0,1,1,0,0,0,0,0
"551",4928,"F",20,"SC","H","T","C",6000,0,3,14,4,21,1,0,1,0,0,0,0,0,1,0,0,0,0,1,1,0,0,0,0,0
"552",2110,"T",30,"OT","H","T","C",12000,0,13,32,3,48,0,1,1,0,0,0,0,0,1,0,0,1,0,0,1,0,0,0,0,0
"553",4676,"F",19,"SC","H","T","C",2500,0,14,31,26,71,1,0,1,0,0,0,0,0,1,0,0,0,0,1,1,0,0,0,0,1
"554",2781,"F",38,"ST","H","T","C",9100,0,10,26,14,50,1,0,1,0,0,0,0,0,1,0,0,0,1,0,1,0,0,0,0,0
"555",4004,"F",30,"OT","H","T","C",7000,4,18,30,22,70,1,0,1,0,0,0,0,0,1,0,0,1,0,0,1,0,0,0,0,0
"556",5187,"F",41,"OT","H","U","A",6000,1,9,28,26,63,1,0,0,1,0,0,0,0,1,0,0,1,0,0,0,1,0,0,0,0
"557",3077,"T",30,"SC","H","T","A",4500,1,9,18,21,48,0,1,0,1,0,0,0,0,1,0,0,0,0,1,1,0,0,0,0,0
"558",1680,"F",29,"SC","H","T","C",4300,0,12,17,11,40,1,0,1,0,0,0,0,0,1,0,0,0,0,1,1,0,0,0,0,0
"559",4013,"F",35,"OT","H","U","A",7000,1,9,22,13,44,1,0,0,1,0,0,0,0,1,0,0,1,0,0,0,1,0,0,0,0
"560",2432,"F",27,"OT","H","T","C",8000,0,10,35,21,66,1,0,1,0,0,0,0,0,1,0,0,1,0,0,1,0,0,0,0,0
"561",2558,"F",28,"OT","H","T","C",4800,0,18,16,23,57,1,0,1,0,0,0,0,0,1,0,0,1,0,0,1,0,0,0,0,0
"562",2560,"F",19,"ST","H","T","C",4500,0,15,32,17,64,1,0,1,0,0,0,0,0,1,0,0,0,1,0,1,0,0,0,0,0
"563",5907,"F",22,"OT","H","T","C",4000,0,25,36,16,77,1,0,1,0,0,0,0,0,1,0,0,1,0,0,1,0,0,0,0,1
"564",579,"F",45,"SC","H","T","C",6500,0,6,15,10,31,1,0,1,0,0,0,0,0,1,0,0,0,0,1,1,0,0,0,0,0
"565",2276,"F",22,"OT","H","T","C",5000,0,10,30,22,62,1,0,1,0,0,0,0,0,1,0,0,1,0,0,1,0,0,0,0,0
"566",5884,"F",35,"OT","H","T","C",5000,0,11,33,19,63,1,0,1,0,0,0,0,0,1,0,0,1,0,0,1,0,0,0,0,0
"567",3324,"F",18,"OT","H","T","C",5000,0,23,23,18,64,1,0,1,0,0,0,0,0,1,0,0,1,0,0,1,0,0,0,0,0
"568",1344,"F",21,"SC","H","T","C",2500,0,8,33,8,49,1,0,1,0,0,0,0,0,1,0,0,0,0,1,1,0,0,0,0,0
"569",3670,"T",16,"OT","H","U","A",8000,2,24,25,18,67,0,1,0,1,0,0,0,0,1,0,0,1,0,0,0,1,0,0,0,0
"570",1873,"T",18,"OT","H","T","C",7500,0,10,24,11,45,0,1,1,0,0,0,0,0,1,0,0,1,0,0,1,0,0,0,0,0
"571",4801,"F",30,"OT","C","T","C",6000,0,18,27,20,65,1,0,1,0,0,0,0,0,0,0,1,1,0,0,1,0,0,0,0,0
"572",3539,"F",30,"SC","H","T","C",12000,0,6,19,11,36,1,0,1,0,0,0,0,0,1,0,0,0,0,1,1,0,0,0,0,0
"573",5053,"T",43,"OT","H","U","A",10000,4,3,16,14,33,0,1,0,1,0,0,0,0,1,0,0,1,0,0,0,1,0,0,0,0
"574",723,"F",35,"OT","H","T","C",2000,0,21,30,16,67,1,0,1,0,0,0,0,0,1,0,0,1,0,0,1,0,0,0,0,0
"575",5233,"F",20,"SC","H","T","C",2500,0,24,31,24,79,1,0,1,0,0,0,0,0,1,0,0,0,0,1,1,0,0,0,0,1
"576",1888,"F",17,"OT","H","T","C",7000,0,10,29,14,53,1,0,1,0,0,0,0,0,1,0,0,1,0,0,1,0,0,0,0,0
"577",1275,"T",24,"OT","H","T","C",5600,0,11,28,10,49,0,1,1,0,0,0,0,0,1,0,0,1,0,0,1,0,0,0,0,0
"578",3311,"T",18,"SC","H","T","C",8500,0,19,33,24,76,0,1,1,0,0,0,0,0,1,0,0,0,0,1,1,0,0,0,0,1
"579",4018,"F",30,"SC","H","T","C",7000,0,17,5,21,43,1,0,1,0,0,0,0,0,1,0,0,0,0,1,1,0,0,0,0,0
"580",5180,"T",16,"SC","H","T","C",3000,0,8,22,21,51,0,1,1,0,0,0,0,0,1,0,0,0,0,1,1,0,0,0,0,0
"581",5014,"T",26,"SC","H","U","C",3900,0,11,28,30,69,0,1,1,0,0,0,0,0,1,0,0,0,0,1,0,1,0,0,0,0
"582",4258,"F",19,"OT","H","T","C",7000,0,8,18,21,47,1,0,1,0,0,0,0,0,1,0,0,1,0,0,1,0,0,0,0,0
"583",1675,"F",35,"SC","H","T","C",0,0,13,31,12,56,1,0,1,0,0,0,0,0,1,0,0,0,0,1,1,0,0,0,0,0
"584",502,"T",25,"OT","H","T","C",0,0,14.28,28,20,62,0,1,1,0,0,0,0,0,1,0,0,1,0,0,1,0,0,0,0,0
"585",1114,"F",30,"OT","H","T","C",5000,0,12,22,14,48,1,0,1,0,0,0,0,0,1,0,0,1,0,0,1,0,0,0,0,0
"586",171,"F",24,"OT","H","T","C",4800,0,19,30,11,60,1,0,1,0,0,0,0,0,1,0,0,1,0,0,1,0,0,0,0,0
"587",3113,"T",28,"OT","H","T","C",6000,0,16,28,18,62,0,1,1,0,0,0,0,0,1,0,0,1,0,0,1,0,0,0,0,0
"588",828,"T",28,"OT","H","T","C",3200,0,12,25,6,43,0,1,1,0,0,0,0,0,1,0,0,1,0,0,1,0,0,0,0,0
"589",673,"F",26,"SC","H","T","C",5000,0,7,8,4,21,1,0,1,0,0,0,0,0,1,0,0,0,0,1,1,0,0,0,0,0
"590",795,"F",27,"SC","H","T","C",5000,5,16,14,16,46,1,0,1,0,0,0,0,0,1,0,0,0,0,1,1,0,0,0,0,0
"591",4901,"F",18,"SC","H","K","C",5000,0,8,27,20,55,1,0,1,0,0,0,0,0,1,0,0,0,0,1,0,0,1,0,0,0
"592",5636,"F",19,"OT","H","U","C",3000,0,12,27,21,60,1,0,1,0,0,0,0,0,1,0,0,1,0,0,0,1,0,0,0,0
"593",3481,"F",25,"OT","H","T","C",3500,0,18,34,8,60,1,0,1,0,0,0,0,0,1,0,0,1,0,0,1,0,0,0,0,0
"594",800,"F",37,"ST","H","T","C",3500,0,0,0,0,21,1,0,1,0,0,0,0,0,1,0,0,0,1,0,1,0,0,0,0,0
"595",5771,"F",28,"OT","H","T","A",12000,1.5,20,30,21,71,1,0,0,1,0,0,0,0,1,0,0,1,0,0,1,0,0,0,0,1
"596",1573,"T",27,"SC","H","T","C",2000,0,12,19,21,52,0,1,1,0,0,0,0,0,1,0,0,0,0,1,1,0,0,0,0,0
"597",2959,"T",28,"SC","H","T","C",5000,0,17,20,15,52,0,1,1,0,0,0,0,0,1,0,0,0,0,1,1,0,0,0,0,0
"598",4678,"F",23,"SC","H","T","C",2500,0,14,33,9,56,1,0,1,0,0,0,0,0,1,0,0,0,0,1,1,0,0,0,0,0
"599",3466,"F",30,"OT","H","T","C",12000,0,14,23,11,48,1,0,1,0,0,0,0,0,1,0,0,1,0,0,1,0,0,0,0,0
"600",5742,"T",23,"OT","H","K","A",1550,1,14,17,15,46,0,1,0,1,0,0,0,0,1,0,0,1,0,0,0,0,1,0,0,0
"601",159,"F",25,"OT","H","T","C",5000,0,17,22,8,47,1,0,1,0,0,0,0,0,1,0,0,1,0,0,1,0,0,0,0,0
"602",1911,"T",15,"OT","H","T","A",5000,3,19,34,13,66,0,1,0,1,0,0,0,0,1,0,0,1,0,0,1,0,0,0,0,0
"603",3739,"T",30,"SC","H","T","C",6000,0,17,22,23,62,0,1,1,0,0,0,0,0,1,0,0,0,0,1,1,0,0,0,0,0
"604",1603,"F",39,"SC","H","T","C",2000,0,11,30,15,56,1,0,1,0,0,0,0,0,1,0,0,0,0,1,1,0,0,0,0,0
"605",4307,"F",31,"SC","H","T","C",8000,0,9,21,20,50,1,0,1,0,0,0,0,0,1,0,0,0,0,1,1,0,0,0,0,0
"606",4142,"F",27,"OT","H","T","C",4000,0,14,23,23,60,1,0,1,0,0,0,0,0,1,0,0,1,0,0,1,0,0,0,0,0
"607",1130,"F",52,"OT","H","T","A",12000,10,15,20,15,50,1,0,0,1,0,0,0,0,1,0,0,1,0,0,1,0,0,0,0,0
"608",2017,"F",45,"OT","H","T","A",2000,0,22,22,12,56,1,0,0,1,0,0,0,0,1,0,0,1,0,0,1,0,0,0,0,0
"609",1665,"T",22,"SC","H","T","C",0,0,8,7,12,27,0,1,1,0,0,0,0,0,1,0,0,0,0,1,1,0,0,0,0,0
"610",4798,"F",36,"SC","H","T","C",6000,0,12,27,18,57,1,0,1,0,0,0,0,0,1,0,0,0,0,1,1,0,0,0,0,0
"611",2226,"F",19,"OT","H","T","C",3500,0,17,26,10,52,1,0,1,0,0,0,0,0,1,0,0,1,0,0,1,0,0,0,0,0
"612",4467,"F",22,"OT","H","T","C",3000,0,11,8,9,28,1,0,1,0,0,0,0,0,1,0,0,1,0,0,1,0,0,0,0,0
"613",1718,"F",23,"SC","H","T","C",3000,0,13,36,39,88,1,0,1,0,0,0,0,0,1,0,0,0,0,1,1,0,0,0,0,1
"614",734,"F",27,"OT","H","T","C",4000,17,17,35,22,74,1,0,1,0,0,0,0,0,1,0,0,1,0,0,1,0,0,0,0,1
"615",3299,"T",18,"SC","H","T","C",9000,0,17,27,30,74,0,1,1,0,0,0,0,0,1,0,0,0,0,1,1,0,0,0,0,1
"616",3607,"T",39,"OT","H","T","C",5700,0,11,21,24,56,0,1,1,0,0,0,0,0,1,0,0,1,0,0,1,0,0,0,0,0
"617",1455,"F",28,"OT","H","T","C",4500,0,13,35,14,62,1,0,1,0,0,0,0,0,1,0,0,1,0,0,1,0,0,0,0,0
"618",994,"T",40,"OT","H","T","C",4000,0,6,17,6,29,0,1,1,0,0,0,0,0,1,0,0,1,0,0,1,0,0,0,0,0
"619",1763,"F",27,"ST","H","T","C",2500,0,12,33,21,66,1,0,1,0,0,0,0,0,1,0,0,0,1,0,1,0,0,0,0,0
"620",650,"F",45,"OT","H","T","C",3000,0,12,25,12,49,1,0,1,0,0,0,0,0,1,0,0,1,0,0,1,0,0,0,0,0
"621",1257,"F",31,"SC","H","T","C",7200,0,6,32,20,58,1,0,1,0,0,0,0,0,1,0,0,0,0,1,1,0,0,0,0,0
"622",5801,"T",42,"SC","H","T","A",7000,0,5,29,22,56,0,1,0,1,0,0,0,0,1,0,0,0,0,1,1,0,0,0,0,0
"623",4173,"T",33,"OT","H","T","A",12000,8,11,16,19,46,0,1,0,1,0,0,0,0,1,0,0,1,0,0,1,0,0,0,0,0
"624",5465,"T",42,"OT","H","U","A",8000,4,11,20,22,53,0,1,0,1,0,0,0,0,1,0,0,1,0,0,0,1,0,0,0,0
"625",591,"F",43,"OT","H","T","C",4200,0,17,34,22,73,1,0,1,0,0,0,0,0,1,0,0,1,0,0,1,0,0,0,0,1
"626",5810,"T",20,"OT","H","T","A",6000,2,11,30,21,62,0,1,0,1,0,0,0,0,1,0,0,1,0,0,1,0,0,0,0,0
"627",4335,"T",19,"OT","H","T","C",12000,0,15,28,24,67,0,1,1,0,0,0,0,0,1,0,0,1,0,0,1,0,0,0,0,0
"628",1049,"F",28,"OT","H","T","C",6000,0,9,24,13,46,1,0,1,0,0,0,0,0,1,0,0,1,0,0,1,0,0,0,0,0
"629",5461,"T",40,"OT","H","U","A",7000,3,8,30,22,60,0,1,0,1,0,0,0,0,1,0,0,1,0,0,0,1,0,0,0,0
"630",213,"F",30,"OT","H","T","C",2000,0,10,13,18,41,1,0,1,0,0,0,0,0,1,0,0,1,0,0,1,0,0,0,0,0
"631",2523,"F",49,"OT","H","T","C",4300,0,17,31,21,69,1,0,1,0,0,0,0,0,1,0,0,1,0,0,1,0,0,0,0,0
"632",4136,"F",25,"OT","H","T","C",5000,0,11,22,24,57,1,0,1,0,0,0,0,0,1,0,0,1,0,0,1,0,0,0,0,0
"633",3086,"F",40,"OT","H","T","C",3000,0,18,24,16,58,1,0,1,0,0,0,0,0,1,0,0,1,0,0,1,0,0,0,0,0
"634",1714,"T",35,"SC","H","T","C",3000,0,13,36,16,65,0,1,1,0,0,0,0,0,1,0,0,0,0,1,1,0,0,0,0,0
"635",5285,"T",16,"OT","H","K","A",3000,2,13,26,6,45,0,1,0,1,0,0,0,0,1,0,0,1,0,0,0,0,1,0,0,0
"636",2640,"F",51,"OT","H","T","C",5400,0,9,24,15,48,1,0,1,0,0,0,0,0,1,0,0,1,0,0,1,0,0,0,0,0
"637",3624,"F",31,"SC","H","T","C",5000,0,10,24,15,49,1,0,1,0,0,0,0,0,1,0,0,0,0,1,1,0,0,0,0,0
"638",3924,"F",25,"SC","H","T","C",6000,0,20,24,16,60,1,0,1,0,0,0,0,0,1,0,0,0,0,1,1,0,0,0,0,0
"639",4825,"F",26,"OT","H","U","C",4600,0,8,24,22,54,1,0,1,0,0,0,0,0,1,0,0,1,0,0,0,1,0,0,0,0
"640",2347,"F",35,"OT","H","T","C",7500,0,11,35,6,52,1,0,1,0,0,0,0,0,1,0,0,1,0,0,1,0,0,0,0,0
"641",3976,"F",14,"OT","H","U","C",5000,0,18,35,27,80,1,0,1,0,0,0,0,0,1,0,0,1,0,0,0,1,0,0,0,1
"642",4009,"F",45,"SC","H","U","C",6000,1,15,0,0,21,1,0,1,0,0,0,0,0,1,0,0,0,0,1,0,1,0,0,0,0
"643",2366,"F",35,"OT","H","T","C",6000,0,22,35,18,75,1,0,1,0,0,0,0,0,1,0,0,1,0,0,1,0,0,0,0,1
"644",1946,"F",28,"OT","H","U","A",2500,0,22,28,13,63,1,0,0,1,0,0,0,0,1,0,0,1,0,0,0,1,0,0,0,0
"645",421,"F",22,"SC","H","T","C",4500,0,8,24.5,23,56,1,0,1,0,0,0,0,0,1,0,0,0,0,1,1,0,0,0,0,0
"646",1090,"F",31,"OT","H","T","C",4000,0,10,14,15,39,1,0,1,0,0,0,0,0,1,0,0,1,0,0,1,0,0,0,0,0
"647",4698,"F",18,"OT","H","T","C",7000,0,14,30,26,70,1,0,1,0,0,0,0,0,1,0,0,1,0,0,1,0,0,0,0,0
"648",4867,"F",29,"OT","H","U","C",6000,0,7,10,3,21,1,0,1,0,0,0,0,0,1,0,0,1,0,0,0,1,0,0,0,0
"649",3277,"F",28,"OT","H","T","C",5000,0,16,29,29,74,1,0,1,0,0,0,0,0,1,0,0,1,0,0,1,0,0,0,0,1
"650",1942,"F",35,"OT","H","U","A",10000,2,22,28,13,63,1,0,0,1,0,0,0,0,1,0,0,1,0,0,0,1,0,0,0,0
"651",3585,"T",34,"SC","H","T","C",9000,0,18,7,11,36,0,1,1,0,0,0,0,0,1,0,0,0,0,1,1,0,0,0,0,0
"652",5593,"F",30,"OT","H","K","C",3000,0,15,23,10,48,1,0,1,0,0,0,0,0,1,0,0,1,0,0,0,0,1,0,0,0
"653",3549,"F",40,"SC","H","T","C",5000,0,7,33,10,50,1,0,1,0,0,0,0,0,1,0,0,0,0,1,1,0,0,0,0,0
"654",5316,"F",35,"SC","H","K","A",12000,4,17,26,6,49,1,0,0,1,0,0,0,0,1,0,0,0,0,1,0,0,1,0,0,0
"655",5467,"T",21,"OT","H","U","A",6000,1,5,28,22,55,0,1,0,1,0,0,0,0,1,0,0,1,0,0,0,1,0,0,0,0
"656",811,"F",25,"SC","H","T","C",5000,0,0,0,0,21,1,0,1,0,0,0,0,0,1,0,0,0,0,1,1,0,0,0,0,0
"657",2000,"F",43,"OT","H","T","A",5000,1.5,15,21,5,41,1,0,0,1,0,0,0,0,1,0,0,1,0,0,1,0,0,0,0,0
"658",2468,"F",32,"OT","H","T","C",7500,0,6,9,2,21,1,0,1,0,0,0,0,0,1,0,0,1,0,0,1,0,0,0,0,0
"659",1294,"F",23,"SC","H","T","C",7000,0,10,32,10,52,1,0,1,0,0,0,0,0,1,0,0,0,0,1,1,0,0,0,0,0
"660",5783,"T",21,"OT","H","U","A",10000,3,12,34,21,67,0,1,0,1,0,0,0,0,1,0,0,1,0,0,0,1,0,0,0,0
"661",44,"T",19,"OT","H","T","A",4000,0,26,36,17,79,0,1,0,1,0,0,0,0,1,0,0,1,0,0,1,0,0,0,0,1
"662",3446,"F",30,"OT","H","T","C",12000,0,13,20,11,44,1,0,1,0,0,0,0,0,1,0,0,1,0,0,1,0,0,0,0,0
"663",300,"F",21,"OT","H","T","A",4000,0,12,31,10,53,1,0,0,1,0,0,0,0,1,0,0,1,0,0,1,0,0,0,0,0
"664",5083,"T",35,"SC","H","K","A",3000,2,15,25,15,55,0,1,0,1,0,0,0,0,1,0,0,0,0,1,0,0,1,0,0,0
"665",1373,"F",35,"OT","H","T","C",3500,0,15,7,0,22,1,0,1,0,0,0,0,0,1,0,0,1,0,0,1,0,0,0,0,0
"666",48,"F",25,"OT","H","T","C",3000,0,8,27,6,41,1,0,1,0,0,0,0,0,1,0,0,1,0,0,1,0,0,0,0,0
"667",5250,"T",23,"SC","H","T","A",12000,0,13,14,13,40,0,1,0,1,0,0,0,0,1,0,0,0,0,1,1,0,0,0,0,0
"668",3829,"T",25,"OT","H","U","C",4750,0,16,31,13,60,0,1,1,0,0,0,0,0,1,0,0,1,0,0,0,1,0,0,0,0
"669",3775,"F",14,"OT","H","T","C",1900,0,10,24,17,51,1,0,1,0,0,0,0,0,1,0,0,1,0,0,1,0,0,0,0,0
"670",4359,"F",38,"SC","H","T","C",7500,0,13,28,27,68,1,0,1,0,0,0,0,0,1,0,0,0,0,1,1,0,0,0,0,0
"671",784,"F",30,"OT","H","T","C",3000,0,17,30,18,65,1,0,1,0,0,0,0,0,1,0,0,1,0,0,1,0,0,0,0,0
"672",3565,"F",39,"SC","H","T","C",4000,0,13,5,28,46,1,0,1,0,0,0,0,0,1,0,0,0,0,1,1,0,0,0,0,0
"673",4472,"F",21,"OT","H","T","C",5000,0,17,27,23,67,1,0,1,0,0,0,0,0,1,0,0,1,0,0,1,0,0,0,0,0
"674",5240,"T",20,"SC","H","K","A",3000,0,13,40,8,61,0,1,0,1,0,0,0,0,1,0,0,0,0,1,0,0,1,0,0,0
"675",1606,"F",19,"SC","H","T","C",3000,0,6,22,1,29,1,0,1,0,0,0,0,0,1,0,0,0,0,1,1,0,0,0,0,0
"676",768,"F",25,"OT","H","T","C",5000,0,19,40,20,79,1,0,1,0,0,0,0,0,1,0,0,1,0,0,1,0,0,0,0,1
"677",2739,"F",22,"OT","H","T","C",5000,3,17,32,23,72,1,0,1,0,0,0,0,0,1,0,0,1,0,0,1,0,0,0,0,1
"678",4390,"F",28,"OT","H","T","C",5000,0,7,28,17,52,1,0,1,0,0,0,0,0,1,0,0,1,0,0,1,0,0,0,0,0
"679",4843,"F",26,"OT","H","U","C",6000,0,10,25,4,39,1,0,1,0,0,0,0,0,1,0,0,1,0,0,0,1,0,0,0,0
"680",1836,"T",23,"OT","H","T","C",7800,0,10,24,10,44,0,1,1,0,0,0,0,0,1,0,0,1,0,0,1,0,0,0,0,0
"681",1754,"F",20,"SC","H","T","C",2000,0,12,39,12,63,1,0,1,0,0,0,0,0,1,0,0,0,0,1,1,0,0,0,0,0
"682",4422,"F",45,"OT","H","T","C",10000,0,21,35,16.5,72,1,0,1,0,0,0,0,0,1,0,0,1,0,0,1,0,0,0,0,1
"683",2352,"F",23,"OT","H","T","C",7500,0,15,35,16,66,1,0,1,0,0,0,0,0,1,0,0,1,0,0,1,0,0,0,0,0
"684",3660,"F",24,"SC","H","T","C",4000,2,15,33,17,65,1,0,1,0,0,0,0,0,1,0,0,0,0,1,1,0,0,0,0,0
"685",5407,"F",16,"SC","H","U","C",3500,0,12,26,16,54,1,0,1,0,0,0,0,0,1,0,0,0,0,1,0,1,0,0,0,0
"686",5804,"T",23,"OT","H","U","A",4000,0,14,17,14,55,0,1,0,1,0,0,0,0,1,0,0,1,0,0,0,1,0,0,0,0
"687",2485,"F",20,"OT","H","T","A",7500,0,8,14,18,40,1,0,0,1,0,0,0,0,1,0,0,1,0,0,1,0,0,0,0,0
"688",2153,"F",17,"OT","H","T","A",6750,0,17,36,14,67,1,0,0,1,0,0,0,0,1,0,0,1,0,0,1,0,0,0,0,0
"689",1774,"F",25,"OT","H","T","C",5000,0,3,0,9,21,1,0,1,0,0,0,0,0,1,0,0,1,0,0,1,0,0,0,0,0
"690",3491,"F",37,"OT","H","T","C",12000,0,12,31,11,54,1,0,1,0,0,0,0,0,1,0,0,1,0,0,1,0,0,0,0,0
"691",5425,"F",32,"SC","H","U","A",3500,0,10,13,12,35,1,0,0,1,0,0,0,0,1,0,0,0,0,1,0,1,0,0,0,0
"692",457,"F",42,"OT","H","T","C",2500,0,10,22.5,24,57,1,0,1,0,0,0,0,0,1,0,0,1,0,0,1,0,0,0,0,0
"693",1761,"F",30,"SC","H","T","C",1500,0,15,38,26,79,1,0,1,0,0,0,0,0,1,0,0,0,0,1,1,0,0,0,0,1
"694",4911,"F",50,"SC","H","K","A",5000,0,5,24,2,31,1,0,0,1,0,0,0,0,1,0,0,0,0,1,0,0,1,0,0,0
"695",4830,"F",24,"OT","H","U","C",4500,0,7,24,12,43,1,0,1,0,0,0,0,0,1,0,0,1,0,0,0,1,0,0,0,0
"696",3611,"F",37,"OT","H","T","C",5300,0,11,22,17,50,1,0,1,0,0,0,0,0,1,0,0,1,0,0,1,0,0,0,0,0
"697",2016,"F",13,"OT","H","T","C",4000,0,10,24,10,44,1,0,1,0,0,0,0,0,1,0,0,1,0,0,1,0,0,0,0,0
"698",5288,"T",16,"OT","H","U","C",2000,0,20,37,5,62,0,1,1,0,0,0,0,0,1,0,0,1,0,0,0,1,0,0,0,0
"699",5793,"F",30,"OT","H","U","A",7000,0,4,32,10,46,1,0,0,1,0,0,0,0,1,0,0,1,0,0,0,1,0,0,0,0
"700",5779,"F",20,"SC","H","T","C",7000,0,19,26,10,55,1,0,1,0,0,0,0,0,1,0,0,0,0,1,1,0,0,0,0,0
"701",20,"T",21,"SC","H","T","C",3000,1,14,26,9,49,0,1,1,0,0,0,0,0,1,0,0,0,0,1,1,0,0,0,0,0
"702",3005,"F",45,"SC","H","T","C",2000,0,6,28,5,39,1,0,1,0,0,0,0,0,1,0,0,0,0,1,1,0,0,0,0,0
"703",424,"F",22,"SC","H","T","C",3500,0,12,25,24,61,1,0,1,0,0,0,0,0,1,0,0,0,0,1,1,0,0,0,0,0
"704",5597,"T",20,"OT","H","U","C",4000,0,14,33,14,61,0,1,1,0,0,0,0,0,1,0,0,1,0,0,0,1,0,0,0,0
"705",5246,"T",22,"OT","H","T","A",12000,0,8,16,13,37,0,1,0,1,0,0,0,0,1,0,0,1,0,0,1,0,0,0,0,0
"706",512,"F",36,"OT","H","T","C",4000,0,7,28,22,57,1,0,1,0,0,0,0,0,1,0,0,1,0,0,1,0,0,0,0,0
"707",4219,"T",38,"OT","H","T","A",12000,0.5,10,26,24,60,0,1,0,1,0,0,0,0,1,0,0,1,0,0,1,0,0,0,0,0
"708",442,"F",28,"OT","H","T","C",2500,0,17,20,22,59,1,0,1,0,0,0,0,0,1,0,0,1,0,0,1,0,0,0,0,0
"709",4600,"F",18,"OT","H","T","C",6000,0,15,31,20,66,1,0,1,0,0,0,0,0,1,0,0,1,0,0,1,0,0,0,0,0
"710",5152,"F",18,"SC","H","U","A",8000,6,16,25,22,63,1,0,0,1,0,0,0,0,1,0,0,0,0,1,0,1,0,0,0,0
"711",5326,"T",26,"OT","H","U","A",3500,0,14,35,24,73,0,1,0,1,0,0,0,0,1,0,0,1,0,0,0,1,0,0,0,1
"712",3590,"F",28,"OT","H","U","C",9000,3,17,30,22,69,1,0,1,0,0,0,0,0,1,0,0,1,0,0,0,1,0,0,0,0
"713",5598,"T",24,"OT","H","U","C",3000,0,14,32,14,60,0,1,1,0,0,0,0,0,1,0,0,1,0,0,0,1,0,0,0,0
"714",1446,"F",27,"OT","H","T","C",3200,0,8,22,16,46,1,0,1,0,0,0,0,0,1,0,0,1,0,0,1,0,0,0,0,0
"715",5252,"T",25,"OT","H","U","A",10000,2,7,18,25,50,0,1,0,1,0,0,0,0,1,0,0,1,0,0,0,1,0,0,0,0
"716",3480,"F",26,"OT","H","T","C",5600,0,8,19,13,40,1,0,1,0,0,0,0,0,1,0,0,1,0,0,1,0,0,0,0,0
"717",2871,"T",28,"SC","H","T","C",5000,1,11,37,18,66,0,1,1,0,0,0,0,0,1,0,0,0,0,1,1,0,0,0,0,0
"718",3121,"F",30,"OT","H","T","C",5000,0,22,34,24,80,1,0,1,0,0,0,0,0,1,0,0,1,0,0,1,0,0,0,0,1
"719",1614,"T",31,"SC","H","T","C",3000,0,17,20,10,47,0,1,1,0,0,0,0,0,1,0,0,0,0,1,1,0,0,0,0,0
"720",4696,"F",20,"OT","H","T","C",9000,0,15,31,26,72,1,0,1,0,0,0,0,0,1,0,0,1,0,0,1,0,0,0,0,1
"721",5290,"F",25,"OT","H","U","A",4000,2,12,29,21,62,1,0,0,1,0,0,0,0,1,0,0,1,0,0,0,1,0,0,0,0
"722",1791,"F",22,"OT","H","T","C",5700,0,20,20,14,54,1,0,1,0,0,0,0,0,1,0,0,1,0,0,1,0,0,0,0,0
"723",4855,"F",23,"OT","H","U","C",12000,0,7,9,5,21,1,0,1,0,0,0,0,0,1,0,0,1,0,0,0,1,0,0,0,0
"724",4803,"T",21,"SC","H","T","C",4800,0,12,20,25,57,0,1,1,0,0,0,0,0,1,0,0,0,0,1,1,0,0,0,0,0
"725",5448,"F",23,"OT","H","K","A",6000,0,5,34,30,69,1,0,0,1,0,0,0,0,1,0,0,1,0,0,0,0,1,0,0,0
"726",4024,"F",35,"OT","H","T","A",9000,1,17,33,23,73,1,0,0,1,0,0,0,0,1,0,0,1,0,0,1,0,0,0,0,1
"727",5576,"F",39,"OT","H","U","C",5000,0,16,38,22,76,1,0,1,0,0,0,0,0,1,0,0,1,0,0,0,1,0,0,0,1
"728",4019,"F",35,"OT","H","U","A",8000,2,23,31,17,71,1,0,0,1,0,0,0,0,1,0,0,1,0,0,0,1,0,0,0,1
"729",5247,"F",21,"SC","H","U","A",3000,0,20,31,28,79,1,0,0,1,0,0,0,0,1,0,0,0,0,1,0,1,0,0,0,1
"730",1211,"T",25,"OT","H","T","C",4600,0,21,35,28,84,0,1,1,0,0,0,0,0,1,0,0,1,0,0,1,0,0,0,0,1
"731",3691,"F",25,"SC","H","K","C",3750,0,18,17,19,54,1,0,1,0,0,0,0,0,1,0,0,0,0,1,0,0,1,0,0,0
"732",151,"F",27,"SC","H","T","C",5000,0,13,28,18,59,1,0,1,0,0,0,0,0,1,0,0,0,0,1,1,0,0,0,0,0
"733",3294,"F",15,"SC","H","T","C",7500,0,17,24,17,58,1,0,1,0,0,0,0,0,1,0,0,0,0,1,1,0,0,0,0,0
"734",3508,"F",27,"OT","H","T","C",8000,0,18,22,13,53,1,0,1,0,0,0,0,0,1,0,0,1,0,0,1,0,0,0,0,0
"735",2363,"T",37,"OT","H","T","C",5000,0,20,35,17,72,0,1,1,0,0,0,0,0,1,0,0,1,0,0,1,0,0,0,0,1
"736",3526,"T",24,"SC","H","T","C",4000,0,14,19,10,43,0,1,1,0,0,0,0,0,1,0,0,0,0,1,1,0,0,0,0,0
"737",49,"T",18,"OT","H","T","C",3000,0,27,32,15,74,0,1,1,0,0,0,0,0,1,0,0,1,0,0,1,0,0,0,0,1
"738",331,"F",17,"OT","H","T","C",5000,0,25,34,19,78,1,0,1,0,0,0,0,0,1,0,0,1,0,0,1,0,0,0,0,1
"739",1456,"F",21,"OT","H","T","C",5750,0,15,32,16,63,1,0,1,0,0,0,0,0,1,0,0,1,0,0,1,0,0,0,0,0
"740",5434,"F",18,"OT","H","K","A",3500,0,10,22,18,50,1,0,0,1,0,0,0,0,1,0,0,1,0,0,0,0,1,0,0,0
"741",4047,"F",45,"OT","H","T","C",2000,0,15,24,26,65,1,0,1,0,0,0,0,0,1,0,0,1,0,0,1,0,0,0,0,0
"742",1912,"F",33,"OT","H","T","A",5000,3,18,28,6,52,1,0,0,1,0,0,0,0,1,0,0,1,0,0,1,0,0,0,0,0
"743",4692,"F",42,"OT","H","T","C",7500,0,13,33,26,72,1,0,1,0,0,0,0,0,1,0,0,1,0,0,1,0,0,0,0,1
"744",2716,"F",25,"OT","H","T","C",5000,0,16,26,20,62,1,0,1,0,0,0,0,0,1,0,0,1,0,0,1,0,0,0,0,0
"745",1508,"F",32,"ST","H","T","C",4500,5,8,27,14,49,1,0,1,0,0,0,0,0,1,0,0,0,1,0,1,0,0,0,0,0
"746",1274,"F",23,"SC","H","T","C",3600,0,15,35,16,66,1,0,1,0,0,0,0,0,1,0,0,0,0,1,1,0,0,0,0,0
"747",3067,"F",37,"SC","H","T","C",5000,0,10,15,22,47,1,0,1,0,0,0,0,0,1,0,0,0,0,1,1,0,0,0,0,0
"748",1982,"F",30,"SC","H","T","C",10000,0,12,18,3,33,1,0,1,0,0,0,0,0,1,0,0,0,0,1,1,0,0,0,0,0
"749",3671,"T",14,"OT","H","U","A",4000,2,21,40,17,78,0,1,0,1,0,0,0,0,1,0,0,1,0,0,0,1,0,0,0,1
"750",5610,"T",38,"OT","C","T","C",5400,0,26,35,23,84,0,1,1,0,0,0,0,0,0,0,1,1,0,0,1,0,0,0,0,1
"751",5369,"T",29,"SC","H","K","A",12000,1,13,19,10,42,0,1,0,1,0,0,0,0,1,0,0,0,0,1,0,0,1,0,0,0
"752",4400,"F",36,"OT","H","T","C",5000,0,27,26,17,70,1,0,1,0,0,0,0,0,1,0,0,1,0,0,1,0,0,0,0,0
"753",5714,"T",25,"OT","H","T","A",8000,5,22,27,15,64,0,1,0,1,0,0,0,0,1,0,0,1,0,0,1,0,0,0,0,0
"754",1644,"F",29,"SC","H","T","C",2450,0,13,23,12,48,1,0,1,0,0,0,0,0,1,0,0,0,0,1,1,0,0,0,0,0
"755",4055,"F",21,"OT","H","T","C",7000,0,16,34,26,76,1,0,1,0,0,0,0,0,1,0,0,1,0,0,1,0,0,0,0,1
"756",1324,"F",32,"SC","H","T","C",8500,0,7,13,22,42,1,0,1,0,0,0,0,0,1,0,0,0,0,1,1,0,0,0,0,0
"757",4365,"F",43,"OT","H","T","C",8000,0,12,25,15,52,1,0,1,0,0,0,0,0,1,0,0,1,0,0,1,0,0,0,0,0
"758",3903,"T",24,"OT","H","T","A",6000,0,17,8,5,30,0,1,0,1,0,0,0,0,1,0,0,1,0,0,1,0,0,0,0,0
"759",1604,"F",39,"SC","H","T","C",2000,0,6,8,5,21,1,0,1,0,0,0,0,0,1,0,0,0,0,1,1,0,0,0,0,0
"760",2379,"F",30,"OT","H","T","C",4500,0,22,35,15,72,1,0,1,0,0,0,0,0,1,0,0,1,0,0,1,0,0,0,0,1
"761",2154,"F",41,"OT","H","T","C",4500,0,5,0,0,21,1,0,1,0,0,0,0,0,1,0,0,1,0,0,1,0,0,0,0,0
"762",1687,"F",20,"SC","H","T","C",2000,0,9,22,16,47,1,0,1,0,0,0,0,0,1,0,0,0,0,1,1,0,0,0,0,0
"763",704,"F",28,"OT","H","T","C",3000,0,23,29,21,73,1,0,1,0,0,0,0,0,1,0,0,1,0,0,1,0,0,0,0,1
"764",4722,"F",20,"OT","H","T","A",5000,0,17,21,15,53,1,0,0,1,0,0,0,0,1,0,0,1,0,0,1,0,0,0,0,0
"765",781,"F",19,"OT","H","T","C",2000,0,17,29,22,68,1,0,1,0,0,0,0,0,1,0,0,1,0,0,1,0,0,0,0,0
"766",5651,"T",17,"OT","C","T","A",2000,1.5,9,21,26,56,0,1,0,1,0,0,0,0,0,0,1,1,0,0,1,0,0,0,0,0
"767",2823,"F",30,"OT","H","T","C",4000,1,12,20,21,53,1,0,1,0,0,0,0,0,1,0,0,1,0,0,1,0,0,0,0,0
"768",602,"F",40,"OT","H","T","C",7000,0,3,23,20,46,1,0,1,0,0,0,0,0,1,0,0,1,0,0,1,0,0,0,0,0
"769",230,"F",38,"SC","H","T","C",4500,0,23,24,10,57,1,0,1,0,0,0,0,0,1,0,0,0,0,1,1,0,0,0,0,0
"770",1465,"F",27,"OT","H","T","C",4500,0,20.5,3.5,10,35,1,0,1,0,0,0,0,0,1,0,0,1,0,0,1,0,0,0,0,0
"771",5893,"F",30,"OT","H","U","C",5000,0,25,36,25,86,1,0,1,0,0,0,0,0,1,0,0,1,0,0,0,1,0,0,0,1
"772",4336,"T",28,"SC","H","T","C",12000,0,15,31,27,73,0,1,1,0,0,0,0,0,1,0,0,0,0,1,1,0,0,0,0,1
"773",5292,"T",20,"OT","H","U","A",10000,5,10,9,25,44,0,1,0,1,0,0,0,0,1,0,0,1,0,0,0,1,0,0,0,0
"774",1640,"F",20,"SC","H","T","C",3000,0,16,29,23,68,1,0,1,0,0,0,0,0,1,0,0,0,0,1,1,0,0,0,0,0
"775",681,"F",20,"OT","H","T","C",2000,0,15,27,14,56,1,0,1,0,0,0,0,0,1,0,0,1,0,0,1,0,0,0,0,0
"776",185,"F",20,"OT","H","T","C",8200,0,10,14,15,39,1,0,1,0,0,0,0,0,1,0,0,1,0,0,1,0,0,0,0,0
"777",5451,"F",20,"OT","H","U","A",6000,0,8,31,22,61,1,0,0,1,0,0,0,0,1,0,0,1,0,0,0,1,0,0,0,0
"778",2938,"F",18,"SC","H","T","C",6000,1,16,28,17,61,1,0,1,0,0,0,0,0,1,0,0,0,0,1,1,0,0,0,0,0
"779",5539,"T",20,"SC","H","T","C",3000,0,16,38,28,82,0,1,1,0,0,0,0,0,1,0,0,0,0,1,1,0,0,0,0,1
"780",3920,"F",38,"OT","H","T","C",6000,0,19,36,19,74,1,0,1,0,0,0,0,0,1,0,0,1,0,0,1,0,0,0,0,1
"781",515,"F",30,"OT","H","T","C",3500,0,16,27,20,63,1,0,1,0,0,0,0,0,1,0,0,1,0,0,1,0,0,0,0,0
"782",1189,"T",29,"OT","H","T","C",5000,0,7,35,12,54,0,1,1,0,0,0,0,0,1,0,0,1,0,0,1,0,0,0,0,0
"783",2293,"F",28,"SC","H","T","C",6000,0,12,8,2,22,1,0,1,0,0,0,0,0,1,0,0,0,0,1,1,0,0,0,0,0
"784",2665,"F",26,"SC","H","T","C",5000,2,5,7,10,22,1,0,1,0,0,0,0,0,1,0,0,0,0,1,1,0,0,0,0,0
"785",4779,"F",25,"OT","H","T","A",3500,0,12,28,24,64,1,0,0,1,0,0,0,0,1,0,0,1,0,0,1,0,0,0,0,0
"786",5183,"F",27,"SC","H","T","C",12000,0,18,24,24,66,1,0,1,0,0,0,0,0,1,0,0,0,0,1,1,0,0,0,0,0
"787",771,"F",30,"OT","H","T","C",3000,0,19,30,26,75,1,0,1,0,0,0,0,0,1,0,0,1,0,0,1,0,0,0,0,1
"788",4380,"F",29,"OT","H","T","C",10000,0,14,32,26,72,1,0,1,0,0,0,0,0,1,0,0,1,0,0,1,0,0,0,0,1
"789",790,"F",39,"SC","H","T","C",5000,3,17,23,14,54,1,0,1,0,0,0,0,0,1,0,0,0,0,1,1,0,0,0,0,0
"790",5374,"F",25,"SC","H","K","C",12000,0,18,31,12,61,1,0,1,0,0,0,0,0,1,0,0,0,0,1,0,0,1,0,0,0
"791",5947,"T",28,"OT","H","K","A",7500,0,0,0,0,21,0,1,0,1,0,0,0,0,1,0,0,1,0,0,0,0,1,0,0,0
"792",3376,"T",22,"OT","H","T","C",6000,1,11,19,17,47,0,1,1,0,0,0,0,0,1,0,0,1,0,0,1,0,0,0,0,0
"793",114,"F",30,"SC","H","T","C",7500,0,21,20,8,49,1,0,1,0,0,0,0,0,1,0,0,0,0,1,1,0,0,0,0,0
"794",5147,"T",37,"OT","H","K","A",3000,2,16,24,16,56,0,1,0,1,0,0,0,0,1,0,0,1,0,0,0,0,1,0,0,0
"795",762,"F",38,"OT","H","T","C",4800,0,7,16,14,37,1,0,1,0,0,0,0,0,1,0,0,1,0,0,1,0,0,0,0,0
"796",426,"F",23,"SC","H","T","C",3500,0,10,24,22,66,1,0,1,0,0,0,0,0,1,0,0,0,0,1,1,0,0,0,0,0
"797",4112,"F",28,"SC","H","T","C",6000,0,15,23,18,56,1,0,1,0,0,0,0,0,1,0,0,0,0,1,1,0,0,0,0,0
"798",1773,"T",20,"OT","H","T","C",2300,0,5,0,0,21,0,1,1,0,0,0,0,0,1,0,0,1,0,0,1,0,0,0,0,0
"799",3754,"F",24,"OT","H","T","C",3600,0,23,9,27,59,1,0,1,0,0,0,0,0,1,0,0,1,0,0,1,0,0,0,0,0
"800",1757,"T",23,"OT","H","T","C",1800,0,13,33,11,57,0,1,1,0,0,0,0,0,1,0,0,1,0,0,1,0,0,0,0,0
"801",4434,"F",38,"OT","H","T","C",6000,0,11,33,13,57,1,0,1,0,0,0,0,0,1,0,0,1,0,0,1,0,0,0,0,0
"802",2097,"T",30,"OT","H","T","C",8000,5,13,26,12,51,0,1,1,0,0,0,0,0,1,0,0,1,0,0,1,0,0,0,0,0
"803",2927,"F",35,"OT","H","T","A",5000,2,16,26,20,62,1,0,0,1,0,0,0,0,1,0,0,1,0,0,1,0,0,0,0,0
"804",4641,"F",20,"OT","H","T","A",3700,1,13,33,21,67,1,0,0,1,0,0,0,0,1,0,0,1,0,0,1,0,0,0,0,0
"805",4813,"F",21,"SC","H","T","C",4000,0,22,12,29,63,1,0,1,0,0,0,0,0,1,0,0,0,0,1,1,0,0,0,0,0
"806",5283,"T",18,"OT","H","T","C",9000,4,23,19,4,46,0,1,1,0,0,0,0,0,1,0,0,1,0,0,1,0,0,0,0,0
"807",2130,"F",20,"OT","H","T","C",4500,0,17,36,26,79,1,0,1,0,0,0,0,0,1,0,0,1,0,0,1,0,0,0,0,1
"808",1787,"T",20,"OT","H","T","C",5800,0,16,18,5,39,0,1,1,0,0,0,0,0,1,0,0,1,0,0,1,0,0,0,0,0
"809",2350,"T",33,"OT","H","T","C",6000,0,24,35,17,76,0,1,1,0,0,0,0,0,1,0,0,1,0,0,1,0,0,0,0,1
"810",4647,"T",35,"OT","H","T","A",9000,0,18,20,18,56,0,1,0,1,0,0,0,0,1,0,0,1,0,0,1,0,0,0,0,0
"811",1852,"F",35,"OT","H","T","C",7000,0,14,7,0,21,1,0,1,0,0,0,0,0,1,0,0,1,0,0,1,0,0,0,0,0
"812",2977,"F",22,"OT","H","T","C",5000,0,9,25,9,43,1,0,1,0,0,0,0,0,1,0,0,1,0,0,1,0,0,0,0,0
"813",3228,"T",20,"SC","H","T","C",4500,0,23,31,21,75,0,1,1,0,0,0,0,0,1,0,0,0,0,1,1,0,0,0,0,1
"814",3666,"F",17,"OT","H","T","A",6000,2,14,24,17,55,1,0,0,1,0,0,0,0,1,0,0,1,0,0,1,0,0,0,0,0
"815",5158,"F",19,"SC","H","T","C",6000,0,27,23,25,75,1,0,1,0,0,0,0,0,1,0,0,0,0,1,1,0,0,0,0,1
"816",2552,"F",27,"OT","H","T","C",9000,0,12,37,15,64,1,0,1,0,0,0,0,0,1,0,0,1,0,0,1,0,0,0,0,0
"817",2262,"F",27,"OT","H","T","C",6000,0,15,38,12,65,1,0,1,0,0,0,0,0,1,0,0,1,0,0,1,0,0,0,0,0
"818",2863,"F",30,"SC","H","T","C",4000,1,11,16,13,40,1,0,1,0,0,0,0,0,1,0,0,0,0,1,1,0,0,0,0,0
"819",902,"F",40,"OT","H","T","A",12000,6,12,37,9,58,1,0,0,1,0,0,0,0,1,0,0,1,0,0,1,0,0,0,0,0
"820",2892,"T",34,"SC","H","T","C",7000,3,9,11,10,30,0,1,1,0,0,0,0,0,1,0,0,0,0,1,1,0,0,0,0,0
"821",3128,"F",31,"OT","H","T","C",4000,0,25,34,18,77,1,0,1,0,0,0,0,0,1,0,0,1,0,0,1,0,0,0,0,1
"822",3278,"F",28,"OT","H","T","C",7500,0,11,23,17,51,1,0,1,0,0,0,0,0,1,0,0,1,0,0,1,0,0,0,0,0
"823",4067,"F",15,"ST","M","D","C",8000,0,7,3,10,21,1,0,1,0,0,0,0,0,0,1,0,0,1,0,0,0,0,1,0,0
"824",1777,"F",25,"OT","H","T","C",6000,0,9,21,19,49,1,0,1,0,0,0,0,0,1,0,0,1,0,0,1,0,0,0,0,0
"825",1710,"T",26,"SC","H","T","C",3000,0,9,38,21,68,0,1,1,0,0,0,0,0,1,0,0,0,0,1,1,0,0,0,0,0
"826",5061,"F",35,"OT","H","U","A",3000,0,9,30,12,51,1,0,0,1,0,0,0,0,1,0,0,1,0,0,0,1,0,0,0,0
"827",3672,"T",16,"OT","H","U","A",4000,0,18,40,17,75,0,1,0,1,0,0,0,0,1,0,0,1,0,0,0,1,0,0,0,1
"828",5506,"T",17,"SC","H","T","C",3000,0,20,19,27,66,0,1,1,0,0,0,0,0,1,0,0,0,0,1,1,0,0,0,0,0
"829",2921,"F",28,"OT","H","T","A",3000,1,11,26,19,56,1,0,0,1,0,0,0,0,1,0,0,1,0,0,1,0,0,0,0,0
"830",538,"T",17,"SC","H","T","C",4000,0,11,29,20,60,0,1,1,0,0,0,0,0,1,0,0,0,0,1,1,0,0,0,0,0
"831",4441,"F",33,"OT","H","T","C",43,0,21,34,28,83,1,0,1,0,0,0,0,0,1,0,0,1,0,0,1,0,0,0,0,1
"832",2447,"T",21,"OT","H","T","C",5000,0,13,23,15,51,0,1,1,0,0,0,0,0,1,0,0,1,0,0,1,0,0,0,0,0
"833",1426,"T",37,"SC","H","T","C",6000,0,14,32,13,59,0,1,1,0,0,0,0,0,1,0,0,0,0,1,1,0,0,0,0,0
"834",2370,"F",37,"OT","H","T","C",5000,0,11,32,14,57,1,0,1,0,0,0,0,0,1,0,0,1,0,0,1,0,0,0,0,0
"835",211,"F",28,"SC","H","T","C",8000,0,19,26,10,55,1,0,1,0,0,0,0,0,1,0,0,0,0,1,1,0,0,0,0,0
"836",4473,"F",28,"OT","H","T","A",6000,0,8,28,23,59,1,0,0,1,0,0,0,0,1,0,0,1,0,0,1,0,0,0,0,0
"837",3802,"F",19,"OT","H","T","C",1600,0,6,19,18,43,1,0,1,0,0,0,0,0,1,0,0,1,0,0,1,0,0,0,0,0
"838",372,"F",18,"OT","H","T","C",3000,0,19,32,14,65,1,0,1,0,0,0,0,0,1,0,0,1,0,0,1,0,0,0,0,0
"839",2178,"T",25,"OT","H","T","A",9000,0,16,35,16,67,0,1,0,1,0,0,0,0,1,0,0,1,0,0,1,0,0,0,0,0
"840",2637,"T",43,"OT","H","T","C",4500,0,13,28,10,51,0,1,1,0,0,0,0,0,1,0,0,1,0,0,1,0,0,0,0,0
"841",5284,"T",28,"OT","H","U","A",8000,1,10,8,23,41,0,1,0,1,0,0,0,0,1,0,0,1,0,0,0,1,0,0,0,0
"842",1370,"T",23,"SC","H","T","C",2400,1,12,27,14,53,0,1,1,0,0,0,0,0,1,0,0,0,0,1,1,0,0,0,0,0
"843",2490,"F",30,"OT","H","T","A",7000,3,10,15,18,43,1,0,0,1,0,0,0,0,1,0,0,1,0,0,1,0,0,0,0,0
"844",5892,"T",22,"OT","H","T","A",8500,0,24,15,20,59,0,1,0,1,0,0,0,0,1,0,0,1,0,0,1,0,0,0,0,0
"845",4299,"F",32,"SC","H","T","C",9750,0,10,28,17,55,1,0,1,0,0,0,0,0,1,0,0,0,0,1,1,0,0,0,0,0
"846",1369,"F",32,"OT","H","T","C",3800,0,21,21,14,56,1,0,1,0,0,0,0,0,1,0,0,1,0,0,1,0,0,0,0,0
"847",1331,"F",15,"SC","H","T","C",3000,0,16,36,27,79,1,0,1,0,0,0,0,0,1,0,0,0,0,1,1,0,0,0,0,1
"848",4662,"T",22,"OT","H","T","A",4000,0,11,26,16,53,0,1,0,1,0,0,0,0,1,0,0,1,0,0,1,0,0,0,0,0
"849",3057,"T",19,"OT","H","T","C",7000,0,18,30,25,73,0,1,1,0,0,0,0,0,1,0,0,1,0,0,1,0,0,0,0,1
"850",325,"F",24,"OT","H","T","C",6000,1,26,39,13,78,1,0,1,0,0,0,0,0,1,0,0,1,0,0,1,0,0,0,0,1
"851",3659,"T",23,"SC","H","T","A",7000,4,14,24,18,56,0,1,0,1,0,0,0,0,1,0,0,0,0,1,1,0,0,0,0,0
"852",3785,"T",21,"OT","H","T","C",1600,0,9,19,21,49,0,1,1,0,0,0,0,0,1,0,0,1,0,0,1,0,0,0,0,0
"853",1340,"F",19,"SC","H","T","C",3000,0,14,27,7,48,1,0,1,0,0,0,0,0,1,0,0,0,0,1,1,0,0,0,0,0
"854",5832,"F",35,"OT","H","T","C",12000,1,22,28,30,80,1,0,1,0,0,0,0,0,1,0,0,1,0,0,1,0,0,0,0,1
"855",4099,"F",30,"OT","H","T","C",5000,0,8,32,18,58,1,0,1,0,0,0,0,0,1,0,0,1,0,0,1,0,0,0,0,0
"856",3709,"T",18,"OT","H","T","A",7000,4,17,23,8,48,0,1,0,1,0,0,0,0,1,0,0,1,0,0,1,0,0,0,0,0
"857",4409,"F",30,"OT","H","T","C",6800,0,19,33,22,74,1,0,1,0,0,0,0,0,1,0,0,1,0,0,1,0,0,0,0,1
"858",237,"T",22,"SC","H","T","C",3500,0,22,35,17,75,0,1,1,0,0,0,0,0,1,0,0,0,0,1,1,0,0,0,0,1
"859",42,"F",45,"OT","H","T","C",2000,0,12.5,28.5,3,44,1,0,1,0,0,0,0,0,1,0,0,1,0,0,1,0,0,0,0,0
"860",5922,"F",25,"OT","H","T","A",10000,2.5,16,24,14,54,1,0,0,1,0,0,0,0,1,0,0,1,0,0,1,0,0,0,0,0
"861",5944,"F",30,"OT","H","K","A",10000,3,25,34,25,84,1,0,0,1,0,0,0,0,1,0,0,1,0,0,0,0,1,0,0,1
"862",2602,"T",15,"OT","H","T","A",5000,0,15,22,17,54,0,1,0,1,0,0,0,0,1,0,0,1,0,0,1,0,0,0,0,0
"863",3546,"F",32,"SC","H","T","C",6000,0,8,34,10,52,1,0,1,0,0,0,0,0,1,0,0,0,0,1,1,0,0,0,0,0
"864",4868,"F",23,"OT","H","U","C",4800,0,3,22,22,47,1,0,1,0,0,0,0,0,1,0,0,1,0,0,0,1,0,0,0,0
"865",276,"F",18,"OT","H","T","C",7000,0,25,30,14,69,1,0,1,0,0,0,0,0,1,0,0,1,0,0,1,0,0,0,0,0
"866",5172,"T",35,"SC","H","T","C",12000,0,11,23,14,48,0,1,1,0,0,0,0,0,1,0,0,0,0,1,1,0,0,0,0,0
"867",3905,"F",16,"OT","H","T","A",4750,0,17,7,5,29,1,0,0,1,0,0,0,0,1,0,0,1,0,0,1,0,0,0,0,0
"868",4378,"T",28,"OT","H","T","C",10500,0,11,24,27,62,0,1,1,0,0,0,0,0,1,0,0,1,0,0,1,0,0,0,0,0
"869",3699,"T",14,"SC","H","U","A",5000,1,21,33,21,75,0,1,0,1,0,0,0,0,1,0,0,0,0,1,0,1,0,0,0,1
"870",4594,"F",30,"OT","H","T","C",7200,2,10,24,21,55,1,0,1,0,0,0,0,0,1,0,0,1,0,0,1,0,0,0,0,0
"871",3767,"T",32,"OT","H","T","C",1500,0,15,28,22,65,0,1,1,0,0,0,0,0,1,0,0,1,0,0,1,0,0,0,0,0
"872",821,"F",35,"SC","H","T","C",3000,2,11,24,10,45,1,0,1,0,0,0,0,0,1,0,0,0,0,1,1,0,0,0,0,0
"873",2450,"F",27,"OT","H","T","C",7500,0,10,32,9,51,1,0,1,0,0,0,0,0,1,0,0,1,0,0,1,0,0,0,0,0
"874",2082,"F",39,"OT","H","T","C",12000,0,15,32,15,62,1,0,1,0,0,0,0,0,1,0,0,1,0,0,1,0,0,0,0,0
"875",2365,"F",31,"OT","H","T","C",6000,0,19,28,17,64,1,0,1,0,0,0,0,0,1,0,0,1,0,0,1,0,0,0,0,0
"876",2251,"F",23,"OT","H","T","A",9500,0,17,23,11,51,1,0,0,1,0,0,0,0,1,0,0,1,0,0,1,0,0,0,0,0
"877",135,"T",15,"OT","H","T","C",4000,0,20,32,15,67,0,1,1,0,0,0,0,0,1,0,0,1,0,0,1,0,0,0,0,0
"878",3317,"T",15,"OT","H","T","A",6200,0,18,31,17,66,0,1,0,1,0,0,0,0,1,0,0,1,0,0,1,0,0,0,0,0
"879",1981,"F",19,"SC","H","T","C",10000,0,19,24,18,61,1,0,1,0,0,0,0,0,1,0,0,0,0,1,1,0,0,0,0,0
"880",133,"F",38,"OT","H","T","C",4000,0,23,26,16,65,1,0,1,0,0,0,0,0,1,0,0,1,0,0,1,0,0,0,0,0
"881",1476,"F",30,"OT","H","T","C",4000,0,9.5,22,14,46,1,0,1,0,0,0,0,0,1,0,0,1,0,0,1,0,0,0,0,0
"882",5455,"F",15,"OT","H","U","A",7000,0,11,31,24,66,1,0,0,1,0,0,0,0,1,0,0,1,0,0,0,1,0,0,0,0
"883",3271,"F",25,"OT","H","T","C",4500,0,16,23,27,66,1,0,1,0,0,0,0,0,1,0,0,1,0,0,1,0,0,0,0,0
"884",4190,"F",22,"OT","H","T","A",12000,1.5,18,22,20,60,1,0,0,1,0,0,0,0,1,0,0,1,0,0,1,0,0,0,0,0
"885",5909,"T",16,"OT","H","T","C",2000,0,22,35,16,73,0,1,1,0,0,0,0,0,1,0,0,1,0,0,1,0,0,0,0,1
"886",2608,"T",28,"OT","H","T","C",5000,1,9,26,14,49,0,1,1,0,0,0,0,0,1,0,0,1,0,0,1,0,0,0,0,0
"887",3138,"T",31,"OT","H","T","C",6000,0,10,23,19,52,0,1,1,0,0,0,0,0,1,0,0,1,0,0,1,0,0,0,0,0
"888",2015,"F",32,"SC","H","T","C",8000,0,20,24,12,56,1,0,1,0,0,0,0,0,1,0,0,0,0,1,1,0,0,0,0,0
"889",5603,"F",35,"SC","H","T","C",2000,0,17,38,17,72,1,0,1,0,0,0,0,0,1,0,0,0,0,1,1,0,0,0,0,1
"890",3212,"F",45,"OT","H","T","C",4000,0,16,34,23,73,1,0,1,0,0,0,0,0,1,0,0,1,0,0,1,0,0,0,0,1
"891",2428,"F",36,"SC","H","T","C",6750,0,9,35,23,67,1,0,1,0,0,0,0,0,1,0,0,0,0,1,1,0,0,0,0,0
"892",2830,"F",22,"OT","H","T","C",4000,3,12,32,13,57,1,0,1,0,0,0,0,0,1,0,0,1,0,0,1,0,0,0,0,0
"893",2578,"T",11,"OT","H","T","A",5000,0,16,30,8,54,0,1,0,1,0,0,0,0,1,0,0,1,0,0,1,0,0,0,0,0
"894",4179,"F",26,"OT","H","T","A",12000,6,10,22,19,51,1,0,0,1,0,0,0,0,1,0,0,1,0,0,1,0,0,0,0,0
"895",2832,"F",28,"OT","H","T","C",4000,1,13,25,15,53,1,0,1,0,0,0,0,0,1,0,0,1,0,0,1,0,0,0,0,0
"896",2404,"F",28,"OT","H","T","C",8000,0,11,35,28,74,1,0,1,0,0,0,0,0,1,0,0,1,0,0,1,0,0,0,0,1
"897",5175,"F",26,"SC","H","T","C",5000,0,17,16,2,35,1,0,1,0,0,0,0,0,1,0,0,0,0,1,1,0,0,0,0,0
"898",1237,"T",40,"SC","H","T","C",8000,0,19,32,20,71,0,1,1,0,0,0,0,0,1,0,0,0,0,1,1,0,0,0,0,1
"899",4822,"F",29,"SC","H","T","C",5000,0,5,0,20,25,1,0,1,0,0,0,0,0,1,0,0,0,0,1,1,0,0,0,0,0
"900",1362,"F",19,"SC","H","T","C",1400,0,20,40,19,79,1,0,1,0,0,0,0,0,1,0,0,0,0,1,1,0,0,0,0,1
"901",239,"T",18,"OT","H","T","C",4500,0,22,20,19,61,0,1,1,0,0,0,0,0,1,0,0,1,0,0,1,0,0,0,0,0
"902",4854,"F",38,"OT","H","U","C",7000,0,7,19,16,42,1,0,1,0,0,0,0,0,1,0,0,1,0,0,0,1,0,0,0,0
"903",5751,"F",27,"OT","H","T","C",2000,0,23,25,17,65,1,0,1,0,0,0,0,0,1,0,0,1,0,0,1,0,0,0,0,0
"904",2869,"F",35,"SC","H","T","C",3500,1,14,31,16,61,1,0,1,0,0,0,0,0,1,0,0,0,0,1,1,0,0,0,0,0
"905",2469,"F",46,"OT","H","T","C",8500,0,8,5,13,26,1,0,1,0,0,0,0,0,1,0,0,1,0,0,1,0,0,0,0,0
"906",4114,"F",38,"OT","H","T","C",5000,0,21,23,24,68,1,0,1,0,0,0,0,0,1,0,0,1,0,0,1,0,0,0,0,0
"907",2654,"F",26,"SC","H","T","C",5000,0,12,27,14,53,1,0,1,0,0,0,0,0,1,0,0,0,0,1,1,0,0,0,0,0
"908",5248,"T",29,"OT","H","U","A",7000,2,9,17,20,46,0,1,0,1,0,0,0,0,1,0,0,1,0,0,0,1,0,0,0,0
"909",363,"T",14,"OT","H","T","C",2000,0,15,32,15,62,0,1,1,0,0,0,0,0,1,0,0,1,0,0,1,0,0,0,0,0
"910",3757,"T",23,"OT","H","T","A",1500,0.5,23,29,25,77,0,1,0,1,0,0,0,0,1,0,0,1,0,0,1,0,0,0,0,1
"911",1701,"F",20,"SC","H","T","C",3000,0,14,35,22,71,1,0,1,0,0,0,0,0,1,0,0,0,0,1,1,0,0,0,0,1
"912",3125,"F",29,"OT","H","T","A",6000,2,23,34,19,76,1,0,0,1,0,0,0,0,1,0,0,1,0,0,1,0,0,0,0,1
"913",3616,"F",24,"SC","H","T","C",5800,0,14,28,24,66,1,0,1,0,0,0,0,0,1,0,0,0,0,1,1,0,0,0,0,0
"914",5109,"F",32,"SC","H","U","C",8000,0,13,34,23,70,1,0,1,0,0,0,0,0,1,0,0,0,0,1,0,1,0,0,0,0
"915",2378,"F",50,"OT","H","T","C",3500,0,15,35,15,65,1,0,1,0,0,0,0,0,1,0,0,1,0,0,1,0,0,0,0,0
"916",5398,"F",30,"OT","H","U","C",4000,0,8,21,11,40,1,0,1,0,0,0,0,0,1,0,0,1,0,0,0,1,0,0,0,0
"917",4572,"T",42,"OT","H","T","A",3100,0,20,31,10,61,0,1,0,1,0,0,0,0,1,0,0,1,0,0,1,0,0,0,0,0
"918",4983,"T",23,"SC","H","U","C",9000,0,8,26,10,44,0,1,1,0,0,0,0,0,1,0,0,0,0,1,0,1,0,0,0,0
"919",1113,"F",23,"OT","H","T","C",5000,0,14,20,13,47,1,0,1,0,0,0,0,0,1,0,0,1,0,0,1,0,0,0,0,0
"920",968,"F",35,"SC","H","T","C",6000,0,23,35,28,86,1,0,1,0,0,0,0,0,1,0,0,0,0,1,1,0,0,0,0,1
"921",3569,"T",21,"SC","H","T","C",5000,0,8,34,11,53,0,1,1,0,0,0,0,0,1,0,0,0,0,1,1,0,0,0,0,0
"922",4250,"F",30,"OT","H","T","A",10500,1,9,21,22,52,1,0,0,1,0,0,0,0,1,0,0,1,0,0,1,0,0,0,0,0
"923",220,"F",42,"OT","H","T","C",6000,0,16,26,24,66,1,0,1,0,0,0,0,0,1,0,0,1,0,0,1,0,0,0,0,0
"924",5100,"T",35,"SC","H","K","A",3000,2,17,33,18,68,0,1,0,1,0,0,0,0,1,0,0,0,0,1,0,0,1,0,0,0
"925",1503,"F",48,"SC","H","T","C",4500,0,5,9,17,31,1,0,1,0,0,0,0,0,1,0,0,0,0,1,1,0,0,0,0,0
"926",5296,"F",26,"OT","H","U","A",3500,1,13,26,26,65,1,0,0,1,0,0,0,0,1,0,0,1,0,0,0,1,0,0,0,0
"927",4923,"F",20,"SC","H","U","C",5600,0,14,31,17,62,1,0,1,0,0,0,0,0,1,0,0,0,0,1,0,1,0,0,0,0
"928",4344,"F",28,"OT","H","T","C",4100,0,15,35,24,74,1,0,1,0,0,0,0,0,1,0,0,1,0,0,1,0,0,0,0,1
"929",3333,"F",20,"SC","H","T","C",7000,0,26,31,22,79,1,0,1,0,0,0,0,0,1,0,0,0,0,1,1,0,0,0,0,1
"930",4360,"F",27,"SC","H","T","C",9000,0,12,31,25,68,1,0,1,0,0,0,0,0,1,0,0,0,0,1,1,0,0,0,0,0
"931",4231,"F",22,"OT","H","T","C",10000,2,11,23,23,57,1,0,1,0,0,0,0,0,1,0,0,1,0,0,1,0,0,0,0,0
"932",4848,"F",25,"SC","H","U","C",8000,0,7,22,22,51,1,0,1,0,0,0,0,0,1,0,0,0,0,1,0,1,0,0,0,0
"933",4580,"F",38,"OT","H","T","A",3800,0,11,30,21,62,1,0,0,1,0,0,0,0,1,0,0,1,0,0,1,0,0,0,0,0
"934",1422,"T",33,"SC","H","T","C",3500,0,14,30,14,58,0,1,1,0,0,0,0,0,1,0,0,0,0,1,1,0,0,0,0,0
"935",2295,"F",19,"SC","H","T","C",5000,0,7,22,5,34,1,0,1,0,0,0,0,0,1,0,0,0,0,1,1,0,0,0,0,0
"936",4355,"F",28,"SC","H","T","C",6000,0,16,27,22,65,1,0,1,0,0,0,0,0,1,0,0,0,0,1,1,0,0,0,0,0
"937",2588,"F",26,"OT","H","T","A",6000,0,12,17,11,40,1,0,0,1,0,0,0,0,1,0,0,1,0,0,1,0,0,0,0,0
"938",1332,"F",34,"SC","H","T","C",5000,0,7.5,32.5,23,63,1,0,1,0,0,0,0,0,1,0,0,0,0,1,1,0,0,0,0,0
"939",4351,"F",31,"OT","H","T","C",7500,0,15,33,25,73,1,0,1,0,0,0,0,0,1,0,0,1,0,0,1,0,0,0,0,1
"940",3456,"F",28,"OT","H","T","C",3500,0,15,31,16,62,1,0,1,0,0,0,0,0,1,0,0,1,0,0,1,0,0,0,0,0
"941",5547,"F",32,"OT","H","U","C",1500,0,14,40,30,84,1,0,1,0,0,0,0,0,1,0,0,1,0,0,0,1,0,0,0,1
"942",5924,"F",25,"OT","H","K","C",4000,0,25,40,18,83,1,0,1,0,0,0,0,0,1,0,0,1,0,0,0,0,1,0,0,1
"943",748,"F",23,"OT","H","T","C",2500,0,10,36,23,69,1,0,1,0,0,0,0,0,1,0,0,1,0,0,1,0,0,0,0,0
"944",4035,"F",30,"OT","H","T","C",7000,0,10,28,18,56,1,0,1,0,0,0,0,0,1,0,0,1,0,0,1,0,0,0,0,0
"945",1558,"F",28,"SC","H","T","C",4200,0,8,8,14,30,1,0,1,0,0,0,0,0,1,0,0,0,0,1,1,0,0,0,0,0
"946",4606,"F",33,"OT","H","T","C",7400,3,19,31,26,76,1,0,1,0,0,0,0,0,1,0,0,1,0,0,1,0,0,0,0,1
"947",3248,"F",18,"SC","H","T","C",5000,0,22,22,30,74,1,0,1,0,0,0,0,0,1,0,0,0,0,1,1,0,0,0,0,1
"948",892,"F",42,"OT","H","T","C",6000,0,21,33,15,69,1,0,1,0,0,0,0,0,1,0,0,1,0,0,1,0,0,0,0,0
"949",5584,"T",24,"OT","H","T","U",8000,0,10,12,12,34,0,1,0,0,0,1,0,0,1,0,0,1,0,0,1,0,0,0,0,0
"950",3771,"F",32,"OT","H","T","C",2000,0,16,29,24,69,1,0,1,0,0,0,0,0,1,0,0,1,0,0,1,0,0,0,0,0
"951",1288,"T",35,"SC","H","T","C",7000,0,14,33,12,59,0,1,1,0,0,0,0,0,1,0,0,0,0,1,1,0,0,0,0,0
"952",4990,"T",16,"SC","H","T","C",6000,0,13,30,12,55,0,1,1,0,0,0,0,0,1,0,0,0,0,1,1,0,0,0,0,0
"953",2610,"F",35,"OT","H","T","A",8000,3,10,23,10,43,1,0,0,1,0,0,0,0,1,0,0,1,0,0,1,0,0,0,0,0
"954",4984,"F",22,"SC","H","U","C",7000,0,13,29,16,58,1,0,1,0,0,0,0,0,1,0,0,0,0,1,0,1,0,0,0,0
"955",2010,"F",29,"OT","H","T","C",5000,2,15,28,5,48,1,0,1,0,0,0,0,0,1,0,0,1,0,0,1,0,0,0,0,0
"956",2917,"F",35,"OT","H","T","A",4000,1,13,16,21,50,1,0,0,1,0,0,0,0,1,0,0,1,0,0,1,0,0,0,0,0
"957",4451,"F",18,"OT","H","T","C",7700,0,21,24,18,63,1,0,1,0,0,0,0,0,1,0,0,1,0,0,1,0,0,0,0,0
"958",5161,"F",19,"OT","H","T","C",3500,0,15,30,19,64,1,0,1,0,0,0,0,0,1,0,0,1,0,0,1,0,0,0,0,0
"959",2142,"F",22,"OT","H","T","C",4500,0,16,30,16,62,1,0,1,0,0,0,0,0,1,0,0,1,0,0,1,0,0,0,0,0
"960",1391,"F",32,"OT","M","D","T",6500,0,13,32,7,52,1,0,0,0,0,0,0,1,0,1,0,1,0,0,0,0,0,1,0,0
"961",4447,"T",45,"OT","H","T","C",5800,0,9,31,22,62,0,1,1,0,0,0,0,0,1,0,0,1,0,0,1,0,0,0,0,0
"962",4922,"F",20,"SC","H","U","C",5600,0,12,26,18,56,1,0,1,0,0,0,0,0,1,0,0,0,0,1,0,1,0,0,0,0
"963",696,"F",40,"OT","H","T","C",0,0,13,18,18,49,1,0,1,0,0,0,0,0,1,0,0,1,0,0,1,0,0,0,0,0
"964",2693,"T",24,"OT","H","T","A",4000,1,9,6,4,21,0,1,0,1,0,0,0,0,1,0,0,1,0,0,1,0,0,0,0,0
"965",1548,"F",23,"SC","H","T","C",2000,0,8,9,14,31,1,0,1,0,0,0,0,0,1,0,0,0,0,1,1,0,0,0,0,0
"966",4245,"T",26,"SC","H","T","C",7000,0,4,0,1,21,0,1,1,0,0,0,0,0,1,0,0,0,0,1,1,0,0,0,0,0
"967",217,"F",18,"OT","H","T","C",8000,0,15,24,21,60,1,0,1,0,0,0,0,0,1,0,0,1,0,0,1,0,0,0,0,0
"968",1854,"F",28,"OT","H","T","C",5000,0,16,23,11,50,1,0,1,0,0,0,0,0,1,0,0,1,0,0,1,0,0,0,0,0
"969",2569,"F",26,"OT","H","T","C",4500,0,11,0,18,29,1,0,1,0,0,0,0,0,1,0,0,1,0,0,1,0,0,0,0,0
"970",3822,"T",17,"OT","H","U","C",5000,4,19,21,19,59,0,1,1,0,0,0,0,0,1,0,0,1,0,0,0,1,0,0,0,0
"971",1430,"F",32,"OT","H","T","H",3500,0,25,35,14,74,1,0,0,0,0,0,1,0,1,0,0,1,0,0,1,0,0,0,0,1
"972",4063,"F",25,"ST","M","D","C",8000,0,10,20,16,46,1,0,1,0,0,0,0,0,0,1,0,0,1,0,0,0,0,1,0,0
"973",27,"T",31,"OT","H","K","A",7500,1.5,18,27.5,5,51,0,1,0,1,0,0,0,0,1,0,0,1,0,0,0,0,1,0,0,0
"974",5812,"F",21,"OT","H","T","C",6000,0,25,24,13,62,1,0,1,0,0,0,0,0,1,0,0,1,0,0,1,0,0,0,0,0
"975",1209,"F",19,"SC","H","T","C",3500,0,13,35,16,64,1,0,1,0,0,0,0,0,1,0,0,0,0,1,1,0,0,0,0,0
"976",4133,"T",19,"SC","H","T","C",7000,0,10,25,24,59,0,1,1,0,0,0,0,0,1,0,0,0,0,1,1,0,0,0,0,0
