"","SLNO","Gender","AGE","CASTE","RELIGN","MTONGUE","OCCU","INCOME","Area","WRITE","READ","MATH","TOTAL","Gender_F","Gender_T","OCCU_A","OCCU_C","OCCU_U","OCCU_H","OCCU_B","OCCU_T","RELIGN_H","RELIGN_M","RELIGN_C","CASTE_OT","CASTE_SC","CASTE_ST","MTONGUE_T","MTONGUE_U","MTONGUE_K","MTONGUE_D","MTONGUE_H"
"1",4727,"F",24,"OT","H","T","A",7500,0,15,28,19,62,1,0,1,0,0,0,0,0,1,0,0,1,0,0,1,0,0,0,0
"2",3947,"F",35,"OT","H","T","A",8000,0,21,25,11,57,1,0,1,0,0,0,0,0,1,0,0,1,0,0,1,0,0,0,0
"3",5576,"F",39,"OT","H","U","C",5000,0,16,38,22,76,1,0,0,1,0,0,0,0,1,0,0,1,0,0,0,1,0,0,0
"4",2696,"F",20,"OT","H","T","A",3000,0,15,7,3,25,1,0,1,0,0,0,0,0,1,0,0,1,0,0,1,0,0,0,0
"5",4892,"F",14,"OT","H","U","U",0,0,0,0,0,23,1,0,0,0,1,0,0,0,1,0,0,1,0,0,0,1,0,0,0
"6",3995,"F",30,"OT","H","U","C",5000,0,14,27,23,64,1,0,0,1,0,0,0,0,1,0,0,1,0,0,0,1,0,0,0
"7",1361,"F",28,"OT","H","T","C",3500,0,19,30,21,70,1,0,0,1,0,0,0,0,1,0,0,1,0,0,1,0,0,0,0
"8",2545,"F",43,"OT","H","T","C",7500,0,12,36,7,55,1,0,0,1,0,0,0,0,1,0,0,1,0,0,1,0,0,0,0
"9",2748,"F",22,"OT","H","T","C",5000,3,15,31,20,66,1,0,0,1,0,0,0,0,1,0,0,1,0,0,1,0,0,0,0
"10",2688,"F",31,"OT","H","T","A",5000,2,10,17,14,41,1,0,1,0,0,0,0,0,1,0,0,1,0,0,1,0,0,0,0
"11",894,"F",23,"SC","H","T","C",6000,0,20,30,24,74,1,0,0,1,0,0,0,0,1,0,0,0,1,0,1,0,0,0,0
"12",3079,"F",17,"OT","H","T","C",3000,0,16,22,26,64,1,0,0,1,0,0,0,0,1,0,0,1,0,0,1,0,0,0,0
"13",4004,"F",30,"OT","H","T","C",7000,4,18,30,22,70,1,0,0,1,0,0,0,0,1,0,0,1,0,0,1,0,0,0,0
"14",755,"F",25,"SC","H","T","C",3000,0,11,33,7,51,1,0,0,1,0,0,0,0,1,0,0,0,1,0,1,0,0,0,0
"15",3102,"F",32,"OT","H","T","C",4000,0,13,19,20,52,1,0,0,1,0,0,0,0,1,0,0,1,0,0,1,0,0,0,0
"16",540,"F",21,"SC","H","T","C",4500,0,12,34,11,57,1,0,0,1,0,0,0,0,1,0,0,0,1,0,1,0,0,0,0
"17",2054,"F",30,"OT","H","T","C",8000,0,12,23,22,57,1,0,0,1,0,0,0,0,1,0,0,1,0,0,1,0,0,0,0
"18",3773,"T",27,"SC","H","T","C",6000,0,19,25,18,62,0,1,0,1,0,0,0,0,1,0,0,0,1,0,1,0,0,0,0
"19",212,"F",40,"SC","H","T","C",5000,0,15,19,11,45,1,0,0,1,0,0,0,0,1,0,0,0,1,0,1,0,0,0,0
"20",1559,"F",38,"SC","H","T","C",5000,0,7,7,14,28,1,0,0,1,0,0,0,0,1,0,0,0,1,0,1,0,0,0,0
"21",5515,"F",21,"SC","H","T","C",2000,0,19,18,11,48,1,0,0,1,0,0,0,0,1,0,0,0,1,0,1,0,0,0,0
"22",5774,"F",27,"OT","H","T","H",0,0,10,25,22,57,1,0,0,0,0,1,0,0,1,0,0,1,0,0,1,0,0,0,0
"23",1342,"F",30,"OT","H","T","C",3800,0,17,29,16,62,1,0,0,1,0,0,0,0,1,0,0,1,0,0,1,0,0,0,0
"24",45,"T",20,"OT","H","T","C",5000,0,21,26.5,12,60,0,1,0,1,0,0,0,0,1,0,0,1,0,0,1,0,0,0,0
"25",5198,"F",36,"SC","H","T","C",6500,0,12,28,16,56,1,0,0,1,0,0,0,0,1,0,0,0,1,0,1,0,0,0,0
"26",1105,"F",36,"OT","H","T","C",3000,1,12,17,14,43,1,0,0,1,0,0,0,0,1,0,0,1,0,0,1,0,0,0,0
"27",1400,"T",17,"SC","H","T","C",1800,0,15,39,23,77,0,1,0,1,0,0,0,0,1,0,0,0,1,0,1,0,0,0,0
"28",4033,"F",27,"OT","H","T","C",2500,0,10,4,21,35,1,0,0,1,0,0,0,0,1,0,0,1,0,0,1,0,0,0,0
"29",1889,"F",19,"OT","H","T","C",6000,0,13,24,15,52,1,0,0,1,0,0,0,0,1,0,0,1,0,0,1,0,0,0,0
"30",2407,"F",26,"OT","H","T","C",6000,0,8,35,18,61,1,0,0,1,0,0,0,0,1,0,0,1,0,0,1,0,0,0,0
"31",4465,"F",18,"OT","H","T","C",5000,0,21,31,12,64,1,0,0,1,0,0,0,0,1,0,0,1,0,0,1,0,0,0,0
"32",1958,"F",16,"SC","H","T","C",10000,0,15,28,6,49,1,0,0,1,0,0,0,0,1,0,0,0,1,0,1,0,0,0,0
"33",4849,"F",15,"OT","H","U","C",7500,0,5,19,8,32,1,0,0,1,0,0,0,0,1,0,0,1,0,0,0,1,0,0,0
"34",5167,"F",15,"OT","H","T","A",12000,0,17,19,17,53,1,0,1,0,0,0,0,0,1,0,0,1,0,0,1,0,0,0,0
"35",780,"F",30,"OT","H","T","C",2000,0,13,27,18,58,1,0,0,1,0,0,0,0,1,0,0,1,0,0,1,0,0,0,0
"36",3930,"F",35,"OT","H","U","A",7000,3,17,39,24,80,1,0,1,0,0,0,0,0,1,0,0,1,0,0,0,1,0,0,0
"37",4806,"T",19,"SC","H","T","C",6000,0,12,23,20,55,0,1,0,1,0,0,0,0,1,0,0,0,1,0,1,0,0,0,0
"38",104,"F",33,"OT","H","T","C",5000,0,9,0,0,23,1,0,0,1,0,0,0,0,1,0,0,1,0,0,1,0,0,0,0
"39",154,"F",22,"SC","H","T","C",3500,0,13,19,17,49,1,0,0,1,0,0,0,0,1,0,0,0,1,0,1,0,0,0,0
"40",1752,"T",29,"SC","H","T","H",3000,0,21,21,17,59,0,1,0,0,0,1,0,0,1,0,0,0,1,0,1,0,0,0,0
"41",1567,"F",16,"SC","H","T","C",1500,0,13,22,15,50,1,0,0,1,0,0,0,0,1,0,0,0,1,0,1,0,0,0,0
"42",1395,"F",35,"ST","H","T","C",6000,0,14,21,18,53,1,0,0,1,0,0,0,0,1,0,0,0,0,1,1,0,0,0,0
"43",4974,"T",18,"SC","H","U","C",8000,0,10,24,12,46,0,1,0,1,0,0,0,0,1,0,0,0,1,0,0,1,0,0,0
"44",1232,"F",31,"OT","H","T","C",3200,0,15,6,1,23,1,0,0,1,0,0,0,0,1,0,0,1,0,0,1,0,0,0,0
"45",1822,"F",27,"OT","H","T","C",6200,0,8,18,8,34,1,0,0,1,0,0,0,0,1,0,0,1,0,0,1,0,0,0,0
"46",4434,"F",38,"OT","H","T","C",6000,0,11,33,13,57,1,0,0,1,0,0,0,0,1,0,0,1,0,0,1,0,0,0,0
"47",2058,"F",26,"OT","H","T","C",10000,0,18,34,14,66,1,0,0,1,0,0,0,0,1,0,0,1,0,0,1,0,0,0,0
"48",2647,"F",28,"OT","H","T","A",7000,1,17,25,14,56,1,0,1,0,0,0,0,0,1,0,0,1,0,0,1,0,0,0,0
"49",4003,"F",29,"SC","H","T","C",6000,0,19,30,23,72,1,0,0,1,0,0,0,0,1,0,0,0,1,0,1,0,0,0,0
"50",4524,"F",22,"OT","H","T","A",5000,0,17,27,18,62,1,0,1,0,0,0,0,0,1,0,0,1,0,0,1,0,0,0,0
"51",2560,"F",19,"ST","H","T","C",4500,0,15,32,17,64,1,0,0,1,0,0,0,0,1,0,0,0,0,1,1,0,0,0,0
"52",5367,"T",35,"OT","H","T","A",12000,5,19,25,25,69,0,1,1,0,0,0,0,0,1,0,0,1,0,0,1,0,0,0,0
"53",4314,"F",29,"SC","H","T","C",5750,0,14,28,18,60,1,0,0,1,0,0,0,0,1,0,0,0,1,0,1,0,0,0,0
"54",3475,"T",30,"OT","H","T","C",12000,0,15,30,12,57,0,1,0,1,0,0,0,0,1,0,0,1,0,0,1,0,0,0,0
"55",4410,"T",19,"OT","H","T","C",6800,0,19,34,16,69,0,1,0,1,0,0,0,0,1,0,0,1,0,0,1,0,0,0,0
"56",2485,"F",20,"OT","H","T","A",7500,0,8,14,18,40,1,0,1,0,0,0,0,0,1,0,0,1,0,0,1,0,0,0,0
"57",328,"F",18,"OT","H","T","C",4500,0,25,23,11,59,1,0,0,1,0,0,0,0,1,0,0,1,0,0,1,0,0,0,0
"58",5020,"T",24,"OT","H","U","A",12000,0,10,28,30,68,0,1,1,0,0,0,0,0,1,0,0,1,0,0,0,1,0,0,0
"59",2772,"F",35,"OT","H","T","C",6000,0,14,22,16,52,1,0,0,1,0,0,0,0,1,0,0,1,0,0,1,0,0,0,0
"60",2108,"F",27,"SC","H","T","C",10000,0,7,22,10,39,1,0,0,1,0,0,0,0,1,0,0,0,1,0,1,0,0,0,0
"61",2800,"F",14,"OT","H","T","C",3500,1,14,33,22,69,1,0,0,1,0,0,0,0,1,0,0,1,0,0,1,0,0,0,0
"62",1426,"T",37,"SC","H","T","C",6000,0,14,32,13,59,0,1,0,1,0,0,0,0,1,0,0,0,1,0,1,0,0,0,0
"63",5905,"F",14,"OT","H","T","C",1200,2,21,23,23,67,1,0,0,1,0,0,0,0,1,0,0,1,0,0,1,0,0,0,0
"64",4956,"F",16,"SC","H","T","C",6600,0,10,30,22,62,1,0,0,1,0,0,0,0,1,0,0,0,1,0,1,0,0,0,0
"65",3797,"F",26,"OT","H","T","C",4000,0,13,29,13,55,1,0,0,1,0,0,0,0,1,0,0,1,0,0,1,0,0,0,0
"66",3305,"T",22,"SC","H","T","C",9400,0,22,34,25,81,0,1,0,1,0,0,0,0,1,0,0,0,1,0,1,0,0,0,0
"67",4523,"F",25,"SC","H","T","A",4500,0,8,28,24,60,1,0,1,0,0,0,0,0,1,0,0,0,1,0,1,0,0,0,0
"68",4333,"F",40,"SC","H","T","C",7500,0,14,25,21,60,1,0,0,1,0,0,0,0,1,0,0,0,1,0,1,0,0,0,0
"69",3387,"F",27,"SC","H","T","C",4000,0,11,10,7,28,1,0,0,1,0,0,0,0,1,0,0,0,1,0,1,0,0,0,0
"70",4918,"T",19,"SC","H","U","C",3000,0,7,29,20,56,0,1,0,1,0,0,0,0,1,0,0,0,1,0,0,1,0,0,0
"71",4118,"F",13,"OT","H","T","C",7000,0,10,25,24,59,1,0,0,1,0,0,0,0,1,0,0,1,0,0,1,0,0,0,0
"72",3966,"F",35,"SC","H","T","C",5000,0,18,34,28,80,1,0,0,1,0,0,0,0,1,0,0,0,1,0,1,0,0,0,0
"73",5486,"F",25,"OT","H","U","C",6000,0,20,30,16,66,1,0,0,1,0,0,0,0,1,0,0,1,0,0,0,1,0,0,0
"74",2313,"F",30,"OT","H","T","C",6000,0,17,39,22,78,1,0,0,1,0,0,0,0,1,0,0,1,0,0,1,0,0,0,0
"75",825,"T",42,"OT","H","T","A",10000,5,8,32,26,66,0,1,1,0,0,0,0,0,1,0,0,1,0,0,1,0,0,0,0
"76",912,"F",22,"OT","H","T","C",6300,0,16,0,0,23,1,0,0,1,0,0,0,0,1,0,0,1,0,0,1,0,0,0,0
"77",2256,"T",23,"OT","H","T","A",10000,0,18,39,17,74,0,1,1,0,0,0,0,0,1,0,0,1,0,0,1,0,0,0,0
"78",4399,"F",19,"SC","H","T","C",5100,0,24,27,23,74,1,0,0,1,0,0,0,0,1,0,0,0,1,0,1,0,0,0,0
"79",1390,"T",13,"SC","H","T","C",2500,0,12,35,14.5,62,0,1,0,1,0,0,0,0,1,0,0,0,1,0,1,0,0,0,0
"80",1943,"F",12,"OT","H","U","A",10000,0,22,28,13,63,1,0,1,0,0,0,0,0,1,0,0,1,0,0,0,1,0,0,0
"81",3124,"F",18,"OT","H","T","C",4000,0,10,34,25,69,1,0,0,1,0,0,0,0,1,0,0,1,0,0,1,0,0,0,0
"82",3614,"F",47,"OT","H","T","C",6000,0,13,3,2,23,1,0,0,1,0,0,0,0,1,0,0,1,0,0,1,0,0,0,0
"83",5455,"F",15,"OT","H","U","A",7000,0,11,31,24,66,1,0,1,0,0,0,0,0,1,0,0,1,0,0,0,1,0,0,0
"84",4232,"F",27,"SC","H","T","C",7500,0,10,17,9,36,1,0,0,1,0,0,0,0,1,0,0,0,1,0,1,0,0,0,0
"85",4800,"F",31,"SC","H","T","C",8000,0,17,20,20,57,1,0,0,1,0,0,0,0,1,0,0,0,1,0,1,0,0,0,0
"86",4564,"F",27,"OT","H","T","A",3400,1,12,23,21,56,1,0,1,0,0,0,0,0,1,0,0,1,0,0,1,0,0,0,0
"87",421,"F",22,"SC","H","T","C",4500,0,8,24.5,23,56,1,0,0,1,0,0,0,0,1,0,0,0,1,0,1,0,0,0,0
"88",564,"F",35,"OT","H","T","C",3600,0,7,22,15,44,1,0,0,1,0,0,0,0,1,0,0,1,0,0,1,0,0,0,0
"89",2221,"F",18,"SC","H","T","C",3500,0,20,23,10,53,1,0,0,1,0,0,0,0,1,0,0,0,1,0,1,0,0,0,0
"90",2466,"F",38,"OT","H","T","C",9000,0,14,24,14,52,1,0,0,1,0,0,0,0,1,0,0,1,0,0,1,0,0,0,0
"91",3573,"F",32,"OT","H","T","C",3900,0,16,30,15,61,1,0,0,1,0,0,0,0,1,0,0,1,0,0,1,0,0,0,0
"92",1880,"F",40,"OT","H","T","C",4000,0,14,29,12,55,1,0,0,1,0,0,0,0,1,0,0,1,0,0,1,0,0,0,0
"93",2929,"T",16,"OT","H","T","A",4000,1,15,24,14,53,0,1,1,0,0,0,0,0,1,0,0,1,0,0,1,0,0,0,0
"94",2078,"T",32,"OT","H","T","C",8000,0,9,31,14,54,0,1,0,1,0,0,0,0,1,0,0,1,0,0,1,0,0,0,0
"95",113,"F",35,"SC","H","T","C",7500,0,22,19,13,54,1,0,0,1,0,0,0,0,1,0,0,0,1,0,1,0,0,0,0
"96",3795,"F",27,"OT","H","T","C",6000,0,9,26,6,41,1,0,0,1,0,0,0,0,1,0,0,1,0,0,1,0,0,0,0
"97",1511,"F",38,"OT","H","T","A",12000,8,10,35,15,60,1,0,1,0,0,0,0,0,1,0,0,1,0,0,1,0,0,0,0
"98",213,"F",30,"OT","H","T","C",2000,0,10,13,18,41,1,0,0,1,0,0,0,0,1,0,0,1,0,0,1,0,0,0,0
"99",2837,"F",26,"OT","H","T","C",4000,1,9,30,14,53,1,0,0,1,0,0,0,0,1,0,0,1,0,0,1,0,0,0,0
"100",5571,"F",36,"OT","H","U","A",4000,0,14,38,27,79,1,0,1,0,0,0,0,0,1,0,0,1,0,0,0,1,0,0,0
"101",2718,"F",27,"ST","H","T","C",8000,0,18,32,21,71,1,0,0,1,0,0,0,0,1,0,0,0,0,1,1,0,0,0,0
"102",5756,"T",15,"OT","H","T","C",3500,0,16,25,18,59,0,1,0,1,0,0,0,0,1,0,0,1,0,0,1,0,0,0,0
"103",667,"F",32,"OT","H","T","C",3000,0,8,23,0,31,1,0,0,1,0,0,0,0,1,0,0,1,0,0,1,0,0,0,0
"104",5072,"T",28,"OT","H","K","A",10000,2,11,29,28,68,0,1,1,0,0,0,0,0,1,0,0,1,0,0,0,0,1,0,0
"105",5138,"T",25,"OT","H","U","A",6000,0,13,31,20,64,0,1,1,0,0,0,0,0,1,0,0,1,0,0,0,1,0,0,0
"106",4581,"F",35,"OT","H","T","A",6300,0,12,24,22,58,1,0,1,0,0,0,0,0,1,0,0,1,0,0,1,0,0,0,0
"107",1201,"F",20,"OT","H","T","C",5000,0,8,14,14,36,1,0,0,1,0,0,0,0,1,0,0,1,0,0,1,0,0,0,0
"108",5417,"T",25,"SC","H","K","A",3600,0,8,24,16,48,0,1,1,0,0,0,0,0,1,0,0,0,1,0,0,0,1,0,0
"109",1697,"F",33,"SC","H","T","C",2800,0,9,32,21,62,1,0,0,1,0,0,0,0,1,0,0,0,1,0,1,0,0,0,0
"110",1973,"F",40,"SC","H","T","C",10000,0,14,33,6,53,1,0,0,1,0,0,0,0,1,0,0,0,1,0,1,0,0,0,0
"111",1928,"F",14,"SC","H","T","C",4000,0,14,28,13,55,1,0,0,1,0,0,0,0,1,0,0,0,1,0,1,0,0,0,0
"112",4154,"F",30,"OT","H","T","C",3000,0,11,19,17,47,1,0,0,1,0,0,0,0,1,0,0,1,0,0,1,0,0,0,0
"113",3186,"F",18,"OT","H","T","A",10000,3,18,33,23,74,1,0,1,0,0,0,0,0,1,0,0,1,0,0,1,0,0,0,0
"114",2578,"T",11,"OT","H","T","A",5000,0,16,30,8,54,0,1,1,0,0,0,0,0,1,0,0,1,0,0,1,0,0,0,0
"115",2292,"F",27,"SC","H","T","C",5000,0,11,7,4,23,1,0,0,1,0,0,0,0,1,0,0,0,1,0,1,0,0,0,0
"116",5325,"F",19,"OT","H","U","A",2000,1,12,28,22,62,1,0,1,0,0,0,0,0,1,0,0,1,0,0,0,1,0,0,0
"117",3241,"T",48,"SC","H","T","C",7500,2,19,30,24,73,0,1,0,1,0,0,0,0,1,0,0,0,1,0,1,0,0,0,0
"118",349,"F",22,"OT","H","T","C",7000,0,19,25,11,55,1,0,0,1,0,0,0,0,1,0,0,1,0,0,1,0,0,0,0
"119",2473,"F",35,"OT","H","T","C",7500,0,9,21,23,53,1,0,0,1,0,0,0,0,1,0,0,1,0,0,1,0,0,0,0
"120",2008,"F",20,"OT","H","T","A",4000,1,16,28,8,52,1,0,1,0,0,0,0,0,1,0,0,1,0,0,1,0,0,0,0
"121",232,"T",15,"SC","H","T","C",5000,0,24,25,7,56,0,1,0,1,0,0,0,0,1,0,0,0,1,0,1,0,0,0,0
"122",5888,"F",14,"OT","H","T","C",9000,0,21,23,26,70,1,0,0,1,0,0,0,0,1,0,0,1,0,0,1,0,0,0,0
"123",4590,"F",18,"OT","H","T","C",3800,0,12,24,13,49,1,0,0,1,0,0,0,0,1,0,0,1,0,0,1,0,0,0,0
"124",1627,"T",45,"SC","H","T","C",3000,0,8,32,7,47,0,1,0,1,0,0,0,0,1,0,0,0,1,0,1,0,0,0,0
"125",5951,"F",27,"OT","H","K","H",10000,2,24,36,23,83,1,0,0,0,0,1,0,0,1,0,0,1,0,0,0,0,1,0,0
"126",5306,"T",15,"OT","H","U","C",3600,0,13,28,21,62,0,1,0,1,0,0,0,0,1,0,0,1,0,0,0,1,0,0,0
"127",4938,"F",13,"OT","H","T","C",7600,0,6,23,24,53,1,0,0,1,0,0,0,0,1,0,0,1,0,0,1,0,0,0,0
"128",5835,"F",15,"OT","H","T","A",10000,4,10,24,16,50,1,0,1,0,0,0,0,0,1,0,0,1,0,0,1,0,0,0,0
"129",1753,"T",26,"OT","H","T","C",3000,0,18,32,13,63,0,1,0,1,0,0,0,0,1,0,0,1,0,0,1,0,0,0,0
"130",1226,"F",23,"OT","M","D","C",3500,0,13,31,4,48,1,0,0,1,0,0,0,0,0,1,0,1,0,0,0,0,0,1,0
"131",1007,"F",19,"OT","H","T","C",6000,0,19,14,11,44,1,0,0,1,0,0,0,0,1,0,0,1,0,0,1,0,0,0,0
"132",1800,"T",20,"SC","H","U","C",3000,0,12,21,12,45,0,1,0,1,0,0,0,0,1,0,0,0,1,0,0,1,0,0,0
"133",5721,"T",35,"OT","H","T","C",3500,0,20,27,17,64,0,1,0,1,0,0,0,0,1,0,0,1,0,0,1,0,0,0,0
"134",890,"T",16,"OT","H","T","C",6000,0,23,38,21,82,0,1,0,1,0,0,0,0,1,0,0,1,0,0,1,0,0,0,0
"135",1513,"F",38,"ST","H","T","C",5000,0,12,24,12,48,1,0,0,1,0,0,0,0,1,0,0,0,0,1,1,0,0,0,0
"136",1735,"T",30,"SC","H","T","C",2800,0,17,34,17,68,0,1,0,1,0,0,0,0,1,0,0,0,1,0,1,0,0,0,0
"137",2967,"F",35,"SC","H","T","C",4500,0,11,28,14,53,1,0,0,1,0,0,0,0,1,0,0,0,1,0,1,0,0,0,0
"138",5560,"F",35,"OT","H","U","C",3000,0,20,37,28,85,1,0,0,1,0,0,0,0,1,0,0,1,0,0,0,1,0,0,0
"139",2025,"F",32,"OT","H","T","C",10000,0,14,26,2,42,1,0,0,1,0,0,0,0,1,0,0,1,0,0,1,0,0,0,0
"140",3294,"F",15,"SC","H","T","C",7500,0,17,24,17,58,1,0,0,1,0,0,0,0,1,0,0,0,1,0,1,0,0,0,0
"141",3551,"T",48,"OT","H","T","C",4000,0,17,27,17,61,0,1,0,1,0,0,0,0,1,0,0,1,0,0,1,0,0,0,0
"142",1913,"F",36,"OT","H","T","A",5000,3,18,34,6,58,1,0,1,0,0,0,0,0,1,0,0,1,0,0,1,0,0,0,0
"143",1552,"F",25,"SC","H","T","C",4200,0,11,20,17,48,1,0,0,1,0,0,0,0,1,0,0,0,1,0,1,0,0,0,0
"144",3987,"F",24,"OT","H","T","A",7000,0,12,27,27,66,1,0,1,0,0,0,0,0,1,0,0,1,0,0,1,0,0,0,0
"145",1189,"T",29,"OT","H","T","C",5000,0,7,35,12,54,0,1,0,1,0,0,0,0,1,0,0,1,0,0,1,0,0,0,0
"146",5110,"T",19,"OT","H","U","C",3000,0,20,28,22,70,0,1,0,1,0,0,0,0,1,0,0,1,0,0,0,1,0,0,0
"147",5703,"T",20,"OT","H","T","C",3500,0,23,17,16,56,0,1,0,1,0,0,0,0,1,0,0,1,0,0,1,0,0,0,0
"148",3988,"F",38,"OT","H","T","C",10000,3,19,30,17,66,1,0,0,1,0,0,0,0,1,0,0,1,0,0,1,0,0,0,0
"149",5823,"F",19,"OT","H","T","H",0,0,10,23,23,56,1,0,0,0,0,1,0,0,1,0,0,1,0,0,1,0,0,0,0
"150",1234,"F",22,"OT","H","T","C",4000,0,18,33,21,72,1,0,0,1,0,0,0,0,1,0,0,1,0,0,1,0,0,0,0
"151",4925,"F",22,"SC","H","U","C",9600,0,14,14,5,33,1,0,0,1,0,0,0,0,1,0,0,0,1,0,0,1,0,0,0
"152",3211,"T",13,"SC","H","T","C",2000,0,22,32,18,72,0,1,0,1,0,0,0,0,1,0,0,0,1,0,1,0,0,0,0
"153",5711,"T",19,"OT","H","T","A",4000,4,22,4,16,42,0,1,1,0,0,0,0,0,1,0,0,1,0,0,1,0,0,0,0
"154",4509,"F",16,"OT","H","T","A",4500,0,22,27,27,76,1,0,1,0,0,0,0,0,1,0,0,1,0,0,1,0,0,0,0
"155",4107,"F",28,"OT","H","T","C",3800,0,6,4,16,26,1,0,0,1,0,0,0,0,1,0,0,1,0,0,1,0,0,0,0
"156",2072,"F",35,"SC","H","T","C",10000,0,9,24,3,36,1,0,0,1,0,0,0,0,1,0,0,0,1,0,1,0,0,0,0
"157",2018,"F",22,"OT","H","T","A",5000,1,17,20,8,45,1,0,1,0,0,0,0,0,1,0,0,1,0,0,1,0,0,0,0
"158",1867,"T",19,"OT","H","T","C",5500,0,11,24,12,47,0,1,0,1,0,0,0,0,1,0,0,1,0,0,1,0,0,0,0
"159",4025,"F",28,"OT","H","T","C",600,0,21,24,21,66,1,0,0,1,0,0,0,0,1,0,0,1,0,0,1,0,0,0,0
"160",3463,"F",27,"OT","H","T","A",7500,1,13,24,4,41,1,0,1,0,0,0,0,0,1,0,0,1,0,0,1,0,0,0,0
"161",2094,"F",29,"OT","H","T","C",2000,4,15,31,13,59,1,0,0,1,0,0,0,0,1,0,0,1,0,0,1,0,0,0,0
"162",2932,"F",25,"SC","H","T","C",4000,0,17,29,19,65,1,0,0,1,0,0,0,0,1,0,0,0,1,0,1,0,0,0,0
"163",4687,"F",36,"OT","H","T","C",5500,0,15,34,20,69,1,0,0,1,0,0,0,0,1,0,0,1,0,0,1,0,0,0,0
"164",131,"F",20,"OT","H","T","A",4500,0,23,28,12,63,1,0,1,0,0,0,0,0,1,0,0,1,0,0,1,0,0,0,0
"165",2609,"F",31,"OT","H","T","C",4500,0,17,24,18,59,1,0,0,1,0,0,0,0,1,0,0,1,0,0,1,0,0,0,0
"166",5605,"F",38,"SC","H","T","C",4000,0,14,32,22,68,1,0,0,1,0,0,0,0,1,0,0,0,1,0,1,0,0,0,0
"167",797,"F",47,"ST","H","T","C",1800,0,17,24,9,50,1,0,0,1,0,0,0,0,1,0,0,0,0,1,1,0,0,0,0
"168",1078,"F",37,"OT","H","T","C",6000,0,18,23,15,56,1,0,0,1,0,0,0,0,1,0,0,1,0,0,1,0,0,0,0
"169",3446,"F",30,"OT","H","T","C",12000,0,13,20,11,44,1,0,0,1,0,0,0,0,1,0,0,1,0,0,1,0,0,0,0
"170",3435,"F",33,"OT","H","T","A",6000,2,13,24,22,59,1,0,1,0,0,0,0,0,1,0,0,1,0,0,1,0,0,0,0
"171",4837,"F",26,"OT","H","U","C",4000,0,14,21,6,41,1,0,0,1,0,0,0,0,1,0,0,1,0,0,0,1,0,0,0
"172",4137,"F",29,"OT","H","T","C",6000,0,12,29,20,61,1,0,0,1,0,0,0,0,1,0,0,1,0,0,1,0,0,0,0
"173",5476,"T",20,"OT","H","U","A",5000,2,7,28,24,59,0,1,1,0,0,0,0,0,1,0,0,1,0,0,0,1,0,0,0
"174",2816,"F",18,"OT","H","T","C",5000,2,12,28,14,54,1,0,0,1,0,0,0,0,1,0,0,1,0,0,1,0,0,0,0
"175",2845,"F",19,"OT","H","T","C",5000,2,19,32,26,77,1,0,0,1,0,0,0,0,1,0,0,1,0,0,1,0,0,0,0
"176",378,"F",24,"OT","H","T","C",6000,0,20,40,18,78,1,0,0,1,0,0,0,0,1,0,0,1,0,0,1,0,0,0,0
"177",2804,"F",45,"OT","H","T","C",4500,1,13,23,15,51,1,0,0,1,0,0,0,0,1,0,0,1,0,0,1,0,0,0,0
"178",4450,"F",32,"OT","H","T","C",8500,0,25,31,15,71,1,0,0,1,0,0,0,0,1,0,0,1,0,0,1,0,0,0,0
"179",5819,"F",17,"SC","H","K","C",0,0,24,28.5,17,70,1,0,0,1,0,0,0,0,1,0,0,0,1,0,0,0,1,0,0
"180",5874,"T",45,"OT","H","U","A",6000,2,16,39,23,78,0,1,1,0,0,0,0,0,1,0,0,1,0,0,0,1,0,0,0
"181",5389,"T",22,"OT","H","T","C",3000,0,16,24,8,48,0,1,0,1,0,0,0,0,1,0,0,1,0,0,1,0,0,0,0
"182",4432,"F",37,"OT","H","T","C",7500,0,11,35,15,61,1,0,0,1,0,0,0,0,1,0,0,1,0,0,1,0,0,0,0
"183",3796,"F",30,"OT","H","T","C",6000,0,8,32,22,62,1,0,0,1,0,0,0,0,1,0,0,1,0,0,1,0,0,0,0
"184",1946,"F",28,"OT","H","U","A",2500,0,22,28,13,63,1,0,1,0,0,0,0,0,1,0,0,1,0,0,0,1,0,0,0
"185",1962,"F",29,"SC","H","T","C",3000,0,20,8,11,39,1,0,0,1,0,0,0,0,1,0,0,0,1,0,1,0,0,0,0
"186",2502,"F",20,"OT","H","T","C",9000,0,17,33,26,76,1,0,0,1,0,0,0,0,1,0,0,1,0,0,1,0,0,0,0
"187",5517,"F",27,"SC","C","T","A",3000,0,21,19,18,58,1,0,1,0,0,0,0,0,0,0,1,0,1,0,1,0,0,0,0
"188",3214,"F",26,"OT","H","T","A",8000,2,20,30,18,68,1,0,1,0,0,0,0,0,1,0,0,1,0,0,1,0,0,0,0
"189",609,"F",25,"SC","H","T","C",3000,0,26,36,23,85,1,0,0,1,0,0,0,0,1,0,0,0,1,0,1,0,0,0,0
"190",424,"F",22,"SC","H","T","C",3500,0,12,25,24,61,1,0,0,1,0,0,0,0,1,0,0,0,1,0,1,0,0,0,0
"191",3526,"T",24,"SC","H","T","C",4000,0,14,19,10,43,0,1,0,1,0,0,0,0,1,0,0,0,1,0,1,0,0,0,0
"192",813,"F",35,"SC","H","T","C",4800,1,0,0,0,23,1,0,0,1,0,0,0,0,1,0,0,0,1,0,1,0,0,0,0
"193",4746,"F",40,"SC","H","T","C",4000,0,15,25,15,55,1,0,0,1,0,0,0,0,1,0,0,0,1,0,1,0,0,0,0
"194",5606,"F",32,"OT","H","U","C",4000,0,17,34,27,78,1,0,0,1,0,0,0,0,1,0,0,1,0,0,0,1,0,0,0
"195",4443,"T",20,"OT","H","T","C",3300,0,16,38,24,78,0,1,0,1,0,0,0,0,1,0,0,1,0,0,1,0,0,0,0
"196",2519,"F",30,"OT","H","T","C",6000,1,15,31,22,68,1,0,0,1,0,0,0,0,1,0,0,1,0,0,1,0,0,0,0
"197",2199,"T",22,"OT","H","T","A",9500,0,11,25,9,45,0,1,1,0,0,0,0,0,1,0,0,1,0,0,1,0,0,0,0
"198",3335,"F",28,"SC","H","T","C",6800,0,21,30,23,74,1,0,0,1,0,0,0,0,1,0,0,0,1,0,1,0,0,0,0
"199",4598,"F",31,"OT","H","T","C",7400,3,16,30,22,68,1,0,0,1,0,0,0,0,1,0,0,1,0,0,1,0,0,0,0
"200",2067,"T",27,"SC","H","T","C",9000,0,15,34,3,52,0,1,0,1,0,0,0,0,1,0,0,0,1,0,1,0,0,0,0
"201",4415,"F",17,"OT","H","T","C",5000,0,18,27,21,66,1,0,0,1,0,0,0,0,1,0,0,1,0,0,1,0,0,0,0
"202",2376,"F",27,"SC","H","T","C",7500,0,12,31,14,57,1,0,0,1,0,0,0,0,1,0,0,0,1,0,1,0,0,0,0
"203",2213,"F",26,"OT","H","T","A",5000,0,13,29,15,57,1,0,1,0,0,0,0,0,1,0,0,1,0,0,1,0,0,0,0
"204",1851,"T",27,"OT","H","T","C",10000,0,16,23,11,50,0,1,0,1,0,0,0,0,1,0,0,1,0,0,1,0,0,0,0
"205",3428,"F",29,"OT","H","T","C",6000,0,12,17,15,44,1,0,0,1,0,0,0,0,1,0,0,1,0,0,1,0,0,0,0
"206",1796,"F",16,"SC","H","U","C",2500,0,14,24,11,49,1,0,0,1,0,0,0,0,1,0,0,0,1,0,0,1,0,0,0
"207",4505,"F",28,"OT","H","T","C",5000,0,17,32,16,65,1,0,0,1,0,0,0,0,1,0,0,1,0,0,1,0,0,0,0
"208",4236,"T",29,"SC","H","T","C",7900,0,13,20,18,51,0,1,0,1,0,0,0,0,1,0,0,0,1,0,1,0,0,0,0
"209",2217,"F",30,"OT","H","T","A",5000,0,11,17,10,38,1,0,1,0,0,0,0,0,1,0,0,1,0,0,1,0,0,0,0
"210",4871,"F",22,"OT","H","U","C",9000,0,9,31,4,44,1,0,0,1,0,0,0,0,1,0,0,1,0,0,0,1,0,0,0
"211",35,"F",30,"SC","H","T","A",2000,0,16,23,8,47,1,0,1,0,0,0,0,0,1,0,0,0,1,0,1,0,0,0,0
"212",2410,"T",24,"OT","H","T","C",7500,0,14,33,18,65,0,1,0,1,0,0,0,0,1,0,0,1,0,0,1,0,0,0,0
"213",17,"F",13,"SC","H","T","C",1500,0.5,15.5,27.5,16,59,1,0,0,1,0,0,0,0,1,0,0,0,1,0,1,0,0,0,0
"214",4404,"T",37,"OT","H","T","C",7500,0,21,34,24,79,0,1,0,1,0,0,0,0,1,0,0,1,0,0,1,0,0,0,0
"215",1563,"F",35,"SC","H","T","C",4750,0,17,16,14,47,1,0,0,1,0,0,0,0,1,0,0,0,1,0,1,0,0,0,0
"216",3577,"F",30,"OT","H","T","A",7000,0,7,23,11,41,1,0,1,0,0,0,0,0,1,0,0,1,0,0,1,0,0,0,0
"217",4636,"T",31,"OT","H","T","A",9700,4,16,35,14,65,0,1,1,0,0,0,0,0,1,0,0,1,0,0,1,0,0,0,0
"218",95,"F",36,"OT","H","T","A",5600,3,16,28,15,60,1,0,1,0,0,0,0,0,1,0,0,1,0,0,1,0,0,0,0
"219",202,"F",30,"OT","H","T","C",2000,0,15,10,21,46,1,0,0,1,0,0,0,0,1,0,0,1,0,0,1,0,0,0,0
"220",5623,"F",14,"OT","H","K","C",8000,0,20,30,15,65,1,0,0,1,0,0,0,0,1,0,0,1,0,0,0,0,1,0,0
"221",3023,"F",45,"SC","H","T","A",5000,2,11,23,12,46,1,0,1,0,0,0,0,0,1,0,0,0,1,0,1,0,0,0,0
"222",580,"F",38,"SC","H","T","C",5000,0,7,15,9,31,1,0,0,1,0,0,0,0,1,0,0,0,1,0,1,0,0,0,0
"223",5203,"F",26,"SC","H","U","C",7000,0,18,32,26,76,1,0,0,1,0,0,0,0,1,0,0,0,1,0,0,1,0,0,0
"224",244,"T",20,"OT","H","T","C",2000,0,23,33,28,84,0,1,0,1,0,0,0,0,1,0,0,1,0,0,1,0,0,0,0
"225",1589,"T",30,"SC","H","T","C",3000,0,15,12,4,31,0,1,0,1,0,0,0,0,1,0,0,0,1,0,1,0,0,0,0
"226",3139,"F",43,"OT","H","T","C",4500,0,9,25,26,60,1,0,0,1,0,0,0,0,1,0,0,1,0,0,1,0,0,0,0
"227",5013,"T",23,"SC","H","U","A",3800,0,8,26,30,64,0,1,1,0,0,0,0,0,1,0,0,0,1,0,0,1,0,0,0
"228",2089,"F",48,"OT","H","T","C",10000,8,14,31,21,66,1,0,0,1,0,0,0,0,1,0,0,1,0,0,1,0,0,0,0
"229",5055,"F",29,"SC","H","U","A",5000,0,14,22,20,56,1,0,1,0,0,0,0,0,1,0,0,0,1,0,0,1,0,0,0
"230",2112,"F",30,"SC","H","T","C",10000,0,12,0,2,23,1,0,0,1,0,0,0,0,1,0,0,0,1,0,1,0,0,0,0
"231",2538,"F",32,"OT","H","T","A",6000,0,10,15,14,39,1,0,1,0,0,0,0,0,1,0,0,1,0,0,1,0,0,0,0
"232",4466,"F",18,"OT","H","T","C",3300,0,15,23,13,51,1,0,0,1,0,0,0,0,1,0,0,1,0,0,1,0,0,0,0
"233",2413,"F",40,"OT","H","T","C",7500,0,7,35,20,62,1,0,0,1,0,0,0,0,1,0,0,1,0,0,1,0,0,0,0
"234",3413,"F",29,"OT","H","T","C",3800,0,2,0,0,23,1,0,0,1,0,0,0,0,1,0,0,1,0,0,1,0,0,0,0
"235",1332,"F",34,"SC","H","T","C",5000,0,7.5,32.5,23,63,1,0,0,1,0,0,0,0,1,0,0,0,1,0,1,0,0,0,0
"236",4469,"F",20,"OT","H","T","C",2000,0,9,23,16,48,1,0,0,1,0,0,0,0,1,0,0,1,0,0,1,0,0,0,0
"237",3731,"F",24,"OT","H","T","C",6000,0,10,29,2,41,1,0,0,1,0,0,0,0,1,0,0,1,0,0,1,0,0,0,0
"238",3749,"T",29,"OT","H","T","A",5000,2.5,11,16,13,40,0,1,1,0,0,0,0,0,1,0,0,1,0,0,1,0,0,0,0
"239",3583,"F",24,"ST","H","H","C",6000,0,6,24,10,40,1,0,0,1,0,0,0,0,1,0,0,0,0,1,0,0,0,0,1
"240",3820,"T",17,"OT","H","T","A",6000,3,21,22,22,65,0,1,1,0,0,0,0,0,1,0,0,1,0,0,1,0,0,0,0
"241",867,"F",32,"SC","H","T","C",3000,0,14,17,25,56,1,0,0,1,0,0,0,0,1,0,0,0,1,0,1,0,0,0,0
"242",1420,"F",43,"SC","H","T","C",4000,0,15,32,10,57,1,0,0,1,0,0,0,0,1,0,0,0,1,0,1,0,0,0,0
"243",2459,"F",36,"OT","H","T","C",9000,0,11,35,16,62,1,0,0,1,0,0,0,0,1,0,0,1,0,0,1,0,0,0,0
"244",412,"F",19,"OT","H","T","A",7000,1,21,31,18,70,1,0,1,0,0,0,0,0,1,0,0,1,0,0,1,0,0,0,0
"245",791,"F",40,"SC","H","T","C",5000,2,16,32,8,56,1,0,0,1,0,0,0,0,1,0,0,0,1,0,1,0,0,0,0
"246",5604,"F",28,"OT","H","T","C",4500,0,25,35,27,87,1,0,0,1,0,0,0,0,1,0,0,1,0,0,1,0,0,0,0
"247",2500,"T",21,"OT","H","T","A",3000,3,15,22,8,45,0,1,1,0,0,0,0,0,1,0,0,1,0,0,1,0,0,0,0
"248",2265,"F",18,"OT","H","T","C",6000,0,12,22,10,44,1,0,0,1,0,0,0,0,1,0,0,1,0,0,1,0,0,0,0
"249",1008,"F",31,"OT","H","T","C",5000,0,7,19,9,35,1,0,0,1,0,0,0,0,1,0,0,1,0,0,1,0,0,0,0
"250",3311,"T",18,"SC","H","T","C",8500,0,19,33,24,76,0,1,0,1,0,0,0,0,1,0,0,0,1,0,1,0,0,0,0
"251",3747,"T",27,"OT","H","T","A",4500,2.5,7,14,5,26,0,1,1,0,0,0,0,0,1,0,0,1,0,0,1,0,0,0,0
"252",3519,"F",30,"OT","H","T","C",9000,0,10,20,7,37,1,0,0,1,0,0,0,0,1,0,0,1,0,0,1,0,0,0,0
"253",693,"F",22,"OT","H","T","C",5000,0,11,8,15,34,1,0,0,1,0,0,0,0,1,0,0,1,0,0,1,0,0,0,0
"254",5834,"F",29,"OT","H","U","C",8000,1,23,27,27,77,1,0,0,1,0,0,0,0,1,0,0,1,0,0,0,1,0,0,0
"255",977,"F",32,"SC","H","T","C",6500,0,14,35,25,74,1,0,0,1,0,0,0,0,1,0,0,0,1,0,1,0,0,0,0
"256",2356,"F",30,"OT","H","T","C",7000,0,8,35,17,60,1,0,0,1,0,0,0,0,1,0,0,1,0,0,1,0,0,0,0
"257",364,"T",15,"OT","M","D","C",4000,0,16,33,12,61,0,1,0,1,0,0,0,0,0,1,0,1,0,0,0,0,0,1,0
"258",5280,"T",40,"SC","H","K","A",5600,2,13,24,5,42,0,1,1,0,0,0,0,0,1,0,0,0,1,0,0,0,1,0,0
"259",1967,"F",28,"SC","H","T","A",5000,0,19,28,5,52,1,0,1,0,0,0,0,0,1,0,0,0,1,0,1,0,0,0,0
"260",3289,"F",30,"SC","H","T","A",7500,0,17,30,28,75,1,0,1,0,0,0,0,0,1,0,0,0,1,0,1,0,0,0,0
"261",3576,"F",30,"OT","H","T","C",5000,0,11,14,21,46,1,0,0,1,0,0,0,0,1,0,0,1,0,0,1,0,0,0,0
"262",3567,"F",21,"OT","M","T","C",4200,0,11,22,16,49,1,0,0,1,0,0,0,0,0,1,0,1,0,0,1,0,0,0,0
"263",3662,"F",21,"SC","H","T","A",6000,3,14,24,14,52,1,0,1,0,0,0,0,0,1,0,0,0,1,0,1,0,0,0,0
"264",1634,"F",18,"SC","H","T","C",4000,0,18,22,17,57,1,0,0,1,0,0,0,0,1,0,0,0,1,0,1,0,0,0,0
"265",1429,"F",32,"SC","H","T","C",4000,0,16,25,16,57,1,0,0,1,0,0,0,0,1,0,0,0,1,0,1,0,0,0,0
"266",2386,"F",24,"OT","H","T","C",8500,0,11,24,10,45,1,0,0,1,0,0,0,0,1,0,0,1,0,0,1,0,0,0,0
"267",116,"T",19,"SC","H","T","C",6000,0,22,29,12,63,0,1,0,1,0,0,0,0,1,0,0,0,1,0,1,0,0,0,0
"268",5169,"T",30,"OT","H","U","A",7000,2,7,23,14,44,0,1,1,0,0,0,0,0,1,0,0,1,0,0,0,1,0,0,0
"269",3792,"T",25,"OT","H","T","C",3000,0,7,6,2,23,0,1,0,1,0,0,0,0,1,0,0,1,0,0,1,0,0,0,0
"270",5086,"F",23,"OT","H","T","A",12000,0,8,23,12,43,1,0,1,0,0,0,0,0,1,0,0,1,0,0,1,0,0,0,0
"271",455,"F",35,"OT","H","T","C",3000,0,8,21.5,19,49,1,0,0,1,0,0,0,0,1,0,0,1,0,0,1,0,0,0,0
"272",1806,"T",27,"OT","H","T","C",5000,0,11,24,10,45,0,1,0,1,0,0,0,0,1,0,0,1,0,0,1,0,0,0,0
"273",2285,"F",19,"SC","H","T","C",7500,0,11.5,23,7,42,1,0,0,1,0,0,0,0,1,0,0,0,1,0,1,0,0,0,0
"274",5633,"F",28,"OT","H","U","C",5000,0,12,28,10,50,1,0,0,1,0,0,0,0,1,0,0,1,0,0,0,1,0,0,0
"275",4190,"F",22,"OT","H","T","A",12000,1.5,18,22,20,60,1,0,1,0,0,0,0,0,1,0,0,1,0,0,1,0,0,0,0
"276",3153,"F",35,"SC","H","T","C",5000,0,17,34,26,77,1,0,0,1,0,0,0,0,1,0,0,0,1,0,1,0,0,0,0
"277",1239,"F",28,"SC","H","T","C",4000,0,7,34,24,65,1,0,0,1,0,0,0,0,1,0,0,0,1,0,1,0,0,0,0
"278",751,"F",24,"OT","H","T","C",3500,0,14,27,25.66,66,1,0,0,1,0,0,0,0,1,0,0,1,0,0,1,0,0,0,0
"279",2418,"F",45,"OT","H","T","C",7500,0,10,32,23,65,1,0,0,1,0,0,0,0,1,0,0,1,0,0,1,0,0,0,0
"280",1737,"T",27,"SC","H","T","C",2600,0,18,22,0,40,0,1,0,1,0,0,0,0,1,0,0,0,1,0,1,0,0,0,0
"281",4543,"F",18,"OT","H","T","A",1000,0,15,31,24,70,1,0,1,0,0,0,0,0,1,0,0,1,0,0,1,0,0,0,0
"282",3221,"F",38,"OT","H","T","A",8000,2,18,34,18,70,1,0,1,0,0,0,0,0,1,0,0,1,0,0,1,0,0,0,0
"283",1160,"F",22,"SC","H","T","C",2250,0,14.5,39,26,80,1,0,0,1,0,0,0,0,1,0,0,0,1,0,1,0,0,0,0
"284",5655,"F",14,"OT","C","T","A",4000,1,8,22,26,56,1,0,1,0,0,0,0,0,0,0,1,1,0,0,1,0,0,0,0
"285",2234,"T",29,"SC","H","T","A",9500,0,24,40,19,83,0,1,1,0,0,0,0,0,1,0,0,0,1,0,1,0,0,0,0
"286",2576,"T",21,"OT","H","T","A",6000,0,10,17,18,45,0,1,1,0,0,0,0,0,1,0,0,1,0,0,1,0,0,0,0
"287",1997,"F",14,"OT","H","T","C",1000,0,14,18,18,50,1,0,0,1,0,0,0,0,1,0,0,1,0,0,1,0,0,0,0
"288",4195,"T",35,"OT","H","T","C",8000,0,14,31,20,65,0,1,0,1,0,0,0,0,1,0,0,1,0,0,1,0,0,0,0
"289",1993,"F",37,"OT","H","T","C",5000,3,14,21,13,48,1,0,0,1,0,0,0,0,1,0,0,1,0,0,1,0,0,0,0
"290",3595,"F",21,"SC","H","T","C",7000,0.25,8,21,16,45,1,0,0,1,0,0,0,0,1,0,0,0,1,0,1,0,0,0,0
"291",2950,"T",28,"OT","H","T","B",7000,0,24,25,19,68,0,1,0,0,0,0,1,0,1,0,0,1,0,0,1,0,0,0,0
"292",467,"F",17,"SC","H","T","C",2500,0,6.5,23,3,33,1,0,0,1,0,0,0,0,1,0,0,0,1,0,1,0,0,0,0
"293",4343,"F",25,"OT","H","T","C",4000,0,16,26,25,67,1,0,0,1,0,0,0,0,1,0,0,1,0,0,1,0,0,0,0
"294",2879,"F",30,"OT","H","T","C",4000,0,9,18,12,39,1,0,0,1,0,0,0,0,1,0,0,1,0,0,1,0,0,0,0
"295",5872,"T",13,"OT","H","U","A",9000,2.5,19,26,21,66,0,1,1,0,0,0,0,0,1,0,0,1,0,0,0,1,0,0,0
"296",3409,"F",25,"OT","H","T","C",6800,0,22,34,12,68,1,0,0,1,0,0,0,0,1,0,0,1,0,0,1,0,0,0,0
"297",1654,"F",35,"SC","H","T","C",0,0,10,17,17,44,1,0,0,1,0,0,0,0,1,0,0,0,1,0,1,0,0,0,0
"298",4614,"F",27,"SC","H","T","A",7300,1,13,37,21,71,1,0,1,0,0,0,0,0,1,0,0,0,1,0,1,0,0,0,0
"299",2536,"F",15,"OT","H","T","C",9000,0,16,19,17,52,1,0,0,1,0,0,0,0,1,0,0,1,0,0,1,0,0,0,0
"300",3133,"F",35,"OT","H","T","C",5000,0,19,33,24,76,1,0,0,1,0,0,0,0,1,0,0,1,0,0,1,0,0,0,0
"301",5124,"F",27,"OT","H","K","A",8000,2,12,35,20,67,1,0,1,0,0,0,0,0,1,0,0,1,0,0,0,0,1,0,0
"302",133,"F",38,"OT","H","T","C",4000,0,23,26,16,65,1,0,0,1,0,0,0,0,1,0,0,1,0,0,1,0,0,0,0
"303",4960,"T",30,"OT","H","U","A",10000,0,11,18,20,49,0,1,1,0,0,0,0,0,1,0,0,1,0,0,0,1,0,0,0
"304",3978,"F",22,"OT","H","T","A",7000,1,15,33,24,72,1,0,1,0,0,0,0,0,1,0,0,1,0,0,1,0,0,0,0
"305",436,"F",28,"SC","H","T","C",4600,0,18,35.5,22.5,76,1,0,0,1,0,0,0,0,1,0,0,0,1,0,1,0,0,0,0
"306",4153,"F",35,"OT","H","T","C",7000,0,4,18,24,46,1,0,0,1,0,0,0,0,1,0,0,1,0,0,1,0,0,0,0
"307",2160,"F",45,"OT","H","T","A",10000,0,8,18,5,31,1,0,1,0,0,0,0,0,1,0,0,1,0,0,1,0,0,0,0
"308",4878,"T",18,"ST","H","U","C",4000,0,7,25,6,38,0,1,0,1,0,0,0,0,1,0,0,0,0,1,0,1,0,0,0
"309",2276,"F",22,"OT","H","T","C",5000,0,10,30,22,62,1,0,0,1,0,0,0,0,1,0,0,1,0,0,1,0,0,0,0
"310",1054,"T",19,"OT","H","T","C",6000,1,14,29,20,63,0,1,0,1,0,0,0,0,1,0,0,1,0,0,1,0,0,0,0
"311",2057,"F",22,"OT","H","T","C",5000,0,17,34,21,72,1,0,0,1,0,0,0,0,1,0,0,1,0,0,1,0,0,0,0
"312",325,"F",24,"OT","H","T","C",6000,1,26,39,13,78,1,0,0,1,0,0,0,0,1,0,0,1,0,0,1,0,0,0,0
"313",5136,"F",30,"SC","H","T","C",4000,0,12,10,23,45,1,0,0,1,0,0,0,0,1,0,0,0,1,0,1,0,0,0,0
"314",3016,"F",15,"SC","H","T","C",3000,0,10,39,14,63,1,0,0,1,0,0,0,0,1,0,0,0,1,0,1,0,0,0,0
"315",1048,"F",34,"OT","H","T","C",6000,0,2,39,22,63,1,0,0,1,0,0,0,0,1,0,0,1,0,0,1,0,0,0,0
"316",2404,"F",28,"OT","H","T","C",8000,0,11,35,28,74,1,0,0,1,0,0,0,0,1,0,0,1,0,0,1,0,0,0,0
"317",3955,"F",35,"OT","H","T","C",6000,0,16,34,26,76,1,0,0,1,0,0,0,0,1,0,0,1,0,0,1,0,0,0,0
"318",5771,"F",28,"OT","H","T","A",12000,1.5,20,30,21,71,1,0,1,0,0,0,0,0,1,0,0,1,0,0,1,0,0,0,0
"319",3510,"T",32,"SC","H","T","C",1000,0,14,30,21,65,0,1,0,1,0,0,0,0,1,0,0,0,1,0,1,0,0,0,0
"320",3182,"T",15,"OT","H","T","A",5500,1,17,32,19,68,0,1,1,0,0,0,0,0,1,0,0,1,0,0,1,0,0,0,0
"321",72,"F",19,"SC","H","T","C",3000,0,18.5,20,11,50,1,0,0,1,0,0,0,0,1,0,0,0,1,0,1,0,0,0,0
"322",1207,"F",31,"SC","H","T","C",4500,0,11,32,13,56,1,0,0,1,0,0,0,0,1,0,0,0,1,0,1,0,0,0,0
"323",5371,"T",19,"OT","C","T","A",12000,0,10,20,23,53,0,1,1,0,0,0,0,0,0,0,1,1,0,0,1,0,0,0,0
"324",128,"T",17,"OT","H","T","A",6500,0,20,26,15,61,0,1,1,0,0,0,0,0,1,0,0,1,0,0,1,0,0,0,0
"325",841,"F",45,"SC","H","T","C",4800,0,11,30,8,49,1,0,0,1,0,0,0,0,1,0,0,0,1,0,1,0,0,0,0
"326",963,"F",28,"SC","H","T","C",6000,0,28,38,21,87,1,0,0,1,0,0,0,0,1,0,0,0,1,0,1,0,0,0,0
"327",3075,"F",27,"SC","H","T","C",4500,0,12,18,21,51,1,0,0,1,0,0,0,0,1,0,0,0,1,0,1,0,0,0,0
"328",1241,"T",33,"SC","H","T","C",8000,0,13,21,9,43,0,1,0,1,0,0,0,0,1,0,0,0,1,0,1,0,0,0,0
"329",2334,"T",21,"OT","H","T","C",7500,0,10,21,8,39,0,1,0,1,0,0,0,0,1,0,0,1,0,0,1,0,0,0,0
"330",5538,"T",23,"SC","H","T","C",3000,0,20,38,22,80,0,1,0,1,0,0,0,0,1,0,0,0,1,0,1,0,0,0,0
"331",4288,"T",45,"OT","H","T","C",7500,0,12,29,17,58,0,1,0,1,0,0,0,0,1,0,0,1,0,0,1,0,0,0,0
"332",161,"F",30,"OT","H","T","C",7000,0,8,0,0,23,1,0,0,1,0,0,0,0,1,0,0,1,0,0,1,0,0,0,0
"333",5482,"F",22,"OT","H","T","C",8000,0,6,20,14,40,1,0,0,1,0,0,0,0,1,0,0,1,0,0,1,0,0,0,0
"334",2119,"F",45,"SC","H","T","C",12000,0,9,33,2,44,1,0,0,1,0,0,0,0,1,0,0,0,1,0,1,0,0,0,0
"335",5440,"F",21,"SC","H","T","C",4000,0,12,22,10,44,1,0,0,1,0,0,0,0,1,0,0,0,1,0,1,0,0,0,0
"336",3610,"F",28,"SC","H","T","C",5100,0,17,24,12,53,1,0,0,1,0,0,0,0,1,0,0,0,1,0,1,0,0,0,0
"337",3912,"F",30,"OT","H","T","A",5000,0,10,16,17,43,1,0,1,0,0,0,0,0,1,0,0,1,0,0,1,0,0,0,0
"338",4427,"F",45,"OT","H","T","C",10000,0,13,34,16,63,1,0,0,1,0,0,0,0,1,0,0,1,0,0,1,0,0,0,0
"339",3455,"F",35,"OT","H","T","A",12000,2,13,24,15,52,1,0,1,0,0,0,0,0,1,0,0,1,0,0,1,0,0,0,0
"340",3904,"T",23,"OT","H","T","A",7000,0,19,23,5,47,0,1,1,0,0,0,0,0,1,0,0,1,0,0,1,0,0,0,0
"341",4194,"T",31,"OT","H","T","C",7000,0,11,28,20,59,0,1,0,1,0,0,0,0,1,0,0,1,0,0,1,0,0,0,0
"342",1229,"F",27,"OT","H","T","C",3500,0,10,15,10,35,1,0,0,1,0,0,0,0,1,0,0,1,0,0,1,0,0,0,0
"343",4665,"T",39,"OT","H","T","C",1000,0,9,28,23,60,0,1,0,1,0,0,0,0,1,0,0,1,0,0,1,0,0,0,0
"344",1844,"F",32,"OT","H","T","C",12000,0,17,19,8,44,1,0,0,1,0,0,0,0,1,0,0,1,0,0,1,0,0,0,0
"345",1436,"T",32,"ST","H","T","C",7000,0,16,18,18,52,0,1,0,1,0,0,0,0,1,0,0,0,0,1,1,0,0,0,0
"346",5155,"F",32,"SC","H","T","C",12000,0,13,25,14,52,1,0,0,1,0,0,0,0,1,0,0,0,1,0,1,0,0,0,0
"347",3979,"F",28,"OT","H","U","C",7000,0,18,33,29,80,1,0,0,1,0,0,0,0,1,0,0,1,0,0,0,1,0,0,0
"348",3236,"T",18,"SC","H","T","C",4500,2,20,38,24,82,0,1,0,1,0,0,0,0,1,0,0,0,1,0,1,0,0,0,0
"349",2464,"F",20,"OT","H","T","C",9000,0,7,24,17,48,1,0,0,1,0,0,0,0,1,0,0,1,0,0,1,0,0,0,0
"350",1816,"T",21,"OT","H","T","C",5500,0,11,23,11,45,0,1,0,1,0,0,0,0,1,0,0,1,0,0,1,0,0,0,0
"351",1386,"F",30,"SC","H","T","C",2000,0,8.5,33.5,13,54,1,0,0,1,0,0,0,0,1,0,0,0,1,0,1,0,0,0,0
"352",646,"F",18,"OT","H","T","C",2000,0,8,30,11,49,1,0,0,1,0,0,0,0,1,0,0,1,0,0,1,0,0,0,0
"353",4080,"T",30,"OT","H","T","C",3000,0,7,30,22,59,0,1,0,1,0,0,0,0,1,0,0,1,0,0,1,0,0,0,0
"354",4296,"T",42,"SC","H","T","C",12000,0,14,29,27,70,0,1,0,1,0,0,0,0,1,0,0,0,1,0,1,0,0,0,0
"355",4398,"F",14,"OT","H","T","C",5000,0,14,26,19,59,1,0,0,1,0,0,0,0,1,0,0,1,0,0,1,0,0,0,0
"356",4115,"T",28,"OT","H","T","C",7000,0,0,14,14,28,0,1,0,1,0,0,0,0,1,0,0,1,0,0,1,0,0,0,0
"357",3784,"T",24,"OT","H","T","C",1500,0,13,26,21,60,0,1,0,1,0,0,0,0,1,0,0,1,0,0,1,0,0,0,0
"358",5595,"F",28,"SC","H","T","C",2000,0,23,34,22,79,1,0,0,1,0,0,0,0,1,0,0,0,1,0,1,0,0,0,0
"359",3631,"F",24,"SC","H","T","C",4300,0,16,9,18,43,1,0,0,1,0,0,0,0,1,0,0,0,1,0,1,0,0,0,0
"360",4652,"T",30,"OT","H","T","C",6000,0,12,30,19,61,0,1,0,1,0,0,0,0,1,0,0,1,0,0,1,0,0,0,0
"361",1265,"T",21,"OT","H","T","C",6500,0,13,21,5,39,0,1,0,1,0,0,0,0,1,0,0,1,0,0,1,0,0,0,0
"362",5750,"F",25,"OT","H","K","A",8500,1.5,22,9,8,39,1,0,1,0,0,0,0,0,1,0,0,1,0,0,0,0,1,0,0
"363",371,"F",12,"OT","M","D","C",2000,0,13,23,13,49,1,0,0,1,0,0,0,0,0,1,0,1,0,0,0,0,0,1,0
"364",3529,"F",30,"SC","H","T","C",12000,0,13,15,15,43,1,0,0,1,0,0,0,0,1,0,0,0,1,0,1,0,0,0,0
"365",1811,"T",19,"SC","H","U","C",4500,14,22,11,47,23,0,1,0,1,0,0,0,0,1,0,0,0,1,0,0,1,0,0,0
"366",4605,"F",17,"OT","H","T","C",7200,0,16,37,23,76,1,0,0,1,0,0,0,0,1,0,0,1,0,0,1,0,0,0,0
"367",2965,"F",23,"SC","H","T","C",2000,0,10,17,15,42,1,0,0,1,0,0,0,0,1,0,0,0,1,0,1,0,0,0,0
"368",4567,"F",28,"OT","H","T","A",3100,1,17,24,13,54,1,0,1,0,0,0,0,0,1,0,0,1,0,0,1,0,0,0,0
"369",4085,"T",20,"OT","H","T","C",6000,0,11,15,22,48,0,1,0,1,0,0,0,0,1,0,0,1,0,0,1,0,0,0,0
"370",5712,"T",19,"OT","H","T","A",10000,4,18,14,17,49,0,1,1,0,0,0,0,0,1,0,0,1,0,0,1,0,0,0,0
"371",3027,"F",39,"SC","H","T","A",4000,1,14,26,24,64,1,0,1,0,0,0,0,0,1,0,0,0,1,0,1,0,0,0,0
"372",2975,"F",35,"OT","H","T","A",6000,3,13,25,14,52,1,0,1,0,0,0,0,0,1,0,0,1,0,0,1,0,0,0,0
"373",4359,"F",38,"SC","H","T","C",7500,0,13,28,27,68,1,0,0,1,0,0,0,0,1,0,0,0,1,0,1,0,0,0,0
"374",5321,"T",22,"OT","H","T","A",3000,1,10,20,22,52,0,1,1,0,0,0,0,0,1,0,0,1,0,0,1,0,0,0,0
"375",783,"F",21,"OT","H","T","C",2500,0,18,20,21,59,1,0,0,1,0,0,0,0,1,0,0,1,0,0,1,0,0,0,0
"376",1025,"F",28,"OT","H","T","C",6000,0,18,18,0,36,1,0,0,1,0,0,0,0,1,0,0,1,0,0,1,0,0,0,0
"377",5052,"F",30,"OT","H","U","A",5000,0,7,18,10,35,1,0,1,0,0,0,0,0,1,0,0,1,0,0,0,1,0,0,0
"378",4799,"F",27,"SC","H","T","C",5000,0,14,29,12,55,1,0,0,1,0,0,0,0,1,0,0,0,1,0,1,0,0,0,0
"379",5000,"T",26,"SC","H","U","C",7000,0,11,31,24,66,0,1,0,1,0,0,0,0,1,0,0,0,1,0,0,1,0,0,0
"380",2056,"F",25,"SC","H","T","C",10000,0,14,34,16,64,1,0,0,1,0,0,0,0,1,0,0,0,1,0,1,0,0,0,0
"381",4046,"T",30,"SC","H","T","C",4000,0,14,31,26,71,0,1,0,1,0,0,0,0,1,0,0,0,1,0,1,0,0,0,0
"382",3451,"F",30,"OT","H","T","C",5000,0,13,24,24,61,1,0,0,1,0,0,0,0,1,0,0,1,0,0,1,0,0,0,0
"383",3967,"F",28,"OT","H","U","C",6000,0,18,33,28,79,1,0,0,1,0,0,0,0,1,0,0,1,0,0,0,1,0,0,0
"384",2098,"F",25,"OT","H","T","C",7000,0,15,24,21,60,1,0,0,1,0,0,0,0,1,0,0,1,0,0,1,0,0,0,0
"385",698,"F",35,"OT","H","T","C",5000,0,23,30,20,73,1,0,0,1,0,0,0,0,1,0,0,1,0,0,1,0,0,0,0
"386",682,"F",30,"OT","H","T","C",2500,0,15,17,22,54,1,0,0,1,0,0,0,0,1,0,0,1,0,0,1,0,0,0,0
"387",1279,"F",31,"SC","H","T","C",4000,0,19,32,26,77,1,0,0,1,0,0,0,0,1,0,0,0,1,0,1,0,0,0,0
"388",2204,"F",30,"OT","H","T","A",9000,0,2,12,11,25,1,0,1,0,0,0,0,0,1,0,0,1,0,0,1,0,0,0,0
"389",2509,"F",18,"OT","H","T","C",7000,2,23,38,21,82,1,0,0,1,0,0,0,0,1,0,0,1,0,0,1,0,0,0,0
"390",1642,"F",39,"SC","H","T","C",4000,0,10,15,14,39,1,0,0,1,0,0,0,0,1,0,0,0,1,0,1,0,0,0,0
"391",2634,"F",30,"OT","H","T","A",7400,0,9,13,16,38,1,0,1,0,0,0,0,0,1,0,0,1,0,0,1,0,0,0,0
"392",3374,"T",29,"OT","H","T","C",3700,0,14,29,16,59,0,1,0,1,0,0,0,0,1,0,0,1,0,0,1,0,0,0,0
"393",2503,"F",20,"OT","H","T","A",7000,0,8,21,14,43,1,0,1,0,0,0,0,0,1,0,0,1,0,0,1,0,0,0,0
"394",4984,"F",22,"SC","H","U","C",7000,0,13,29,16,58,1,0,0,1,0,0,0,0,1,0,0,0,1,0,0,1,0,0,0
"395",2113,"F",34,"SC","H","T","C",12000,0,10,3,0,23,1,0,0,1,0,0,0,0,1,0,0,0,1,0,1,0,0,0,0
"396",1010,"F",21,"OT","H","T","C",3000,0,22,15,20,57,1,0,0,1,0,0,0,0,1,0,0,1,0,0,1,0,0,0,0
"397",53,"T",14,"SC","H","T","C",4000,0,24.5,34.5,19,78,0,1,0,1,0,0,0,0,1,0,0,0,1,0,1,0,0,0,0
"398",1569,"F",24,"SC","H","T","C",2500,0,11,35,14,60,1,0,0,1,0,0,0,0,1,0,0,0,1,0,1,0,0,0,0
"399",4123,"T",15,"OT","M","D","C",6000,0,10,25,26,61,0,1,0,1,0,0,0,0,0,1,0,1,0,0,0,0,0,1,0
"400",2403,"T",25,"OT","H","T","C",5000,0,10,37,27,74,0,1,0,1,0,0,0,0,1,0,0,1,0,0,1,0,0,0,0
"401",4599,"F",30,"OT","H","T","C",1200,0,15,37,24,76,1,0,0,1,0,0,0,0,1,0,0,1,0,0,1,0,0,0,0
"402",4634,"F",20,"OT","H","T","A",9000,4,15,15,22,52,1,0,1,0,0,0,0,0,1,0,0,1,0,0,1,0,0,0,0
"403",1528,"F",28,"OT","H","T","A",12000,6,3.5,35,15,54,1,0,1,0,0,0,0,0,1,0,0,1,0,0,1,0,0,0,0
"404",1797,"F",29,"SC","H","U","C",3000,0,16,24,12,52,1,0,0,1,0,0,0,0,1,0,0,0,1,0,0,1,0,0,0
"405",3277,"F",28,"OT","H","T","C",5000,0,16,29,29,74,1,0,0,1,0,0,0,0,1,0,0,1,0,0,1,0,0,0,0
"406",5753,"T",35,"OT","H","T","A",9600,2,11.5,24,24,60,0,1,1,0,0,0,0,0,1,0,0,1,0,0,1,0,0,0,0
"407",821,"F",35,"SC","H","T","C",3000,2,11,24,10,45,1,0,0,1,0,0,0,0,1,0,0,0,1,0,1,0,0,0,0
"408",4856,"F",43,"OT","H","U","C",6000,0,11,17,10,38,1,0,0,1,0,0,0,0,1,0,0,1,0,0,0,1,0,0,0
"409",2766,"T",31,"OT","H","T","C",1000,4,13,18,16,47,0,1,0,1,0,0,0,0,1,0,0,1,0,0,1,0,0,0,0
"410",4821,"F",29,"SC","H","T","C",5000,0,9,25,22,56,1,0,0,1,0,0,0,0,1,0,0,0,1,0,1,0,0,0,0
"411",4138,"F",18,"OT","H","T","C",6000,0,14,28,26,68,1,0,0,1,0,0,0,0,1,0,0,1,0,0,1,0,0,0,0
"412",707,"F",25,"OT","H","T","C",3500,0,22,30,16,68,1,0,0,1,0,0,0,0,1,0,0,1,0,0,1,0,0,0,0
"413",3706,"T",18,"OT","H","T","C",3500,0,18,25,9,52,0,1,0,1,0,0,0,0,1,0,0,1,0,0,1,0,0,0,0
"414",2205,"F",32,"OT","H","T","C",6000,0,12,17,14,43,1,0,0,1,0,0,0,0,1,0,0,1,0,0,1,0,0,0,0
"415",1948,"T",20,"OT","H","T","C",4000,0,20,33,7,60,0,1,0,1,0,0,0,0,1,0,0,1,0,0,1,0,0,0,0
"416",636,"F",25,"OT","H","T","C",3000,0,8,16,18,42,1,0,0,1,0,0,0,0,1,0,0,1,0,0,1,0,0,0,0
"417",1924,"F",21,"OT","H","T","C",6000,1,15,24,7,46,1,0,0,1,0,0,0,0,1,0,0,1,0,0,1,0,0,0,0
"418",3430,"F",25,"OT","H","T","C",7500,0,14,24,14,52,1,0,0,1,0,0,0,0,1,0,0,1,0,0,1,0,0,0,0
"419",759,"F",42,"OT","H","T","C",5400,0,10,17,14,41,1,0,0,1,0,0,0,0,1,0,0,1,0,0,1,0,0,0,0
"420",524,"F",27,"OT","H","T","C",3000,0,18,14,12,44,1,0,0,1,0,0,0,0,1,0,0,1,0,0,1,0,0,0,0
"421",5795,"T",16,"OT","H","T","C",0,0,12,23,5,40,0,1,0,1,0,0,0,0,1,0,0,1,0,0,1,0,0,0,0
"422",4667,"T",42,"OT","H","T","A",3000,0.5,18,31,23,72,0,1,1,0,0,0,0,0,1,0,0,1,0,0,1,0,0,0,0
"423",3591,"F",18,"OT","H","T","C",8000,0,13,18,12,43,1,0,0,1,0,0,0,0,1,0,0,1,0,0,1,0,0,0,0
"424",3586,"F",29,"SC","H","T","C",6500,0.25,9,22,16,47,1,0,0,1,0,0,0,0,1,0,0,0,1,0,1,0,0,0,0
"425",5370,"T",19,"OT","H","T","A",12000,4,19,20,24,63,0,1,1,0,0,0,0,0,1,0,0,1,0,0,1,0,0,0,0
"426",1101,"F",25,"OT","H","T","C",5000,0,18,20,20,58,1,0,0,1,0,0,0,0,1,0,0,1,0,0,1,0,0,0,0
"427",3019,"F",27,"SC","H","T","C",3500,0,13,21,13,47,1,0,0,1,0,0,0,0,1,0,0,0,1,0,1,0,0,0,0
"428",4610,"F",18,"OT","H","T","C",7700,2,16,34,23,73,1,0,0,1,0,0,0,0,1,0,0,1,0,0,1,0,0,0,0
"429",2114,"F",20,"OT","H","T","C",4000,0,13,22,13,48,1,0,0,1,0,0,0,0,1,0,0,1,0,0,1,0,0,0,0
"430",5247,"F",21,"SC","H","U","A",3000,0,20,31,28,79,1,0,1,0,0,0,0,0,1,0,0,0,1,0,0,1,0,0,0
"431",2482,"F",25,"OT","H","T","C",9000,0,16,36,26,78,1,0,0,1,0,0,0,0,1,0,0,1,0,0,1,0,0,0,0
"432",1240,"F",35,"OT","H","T","C",4000,0,2,0,0,23,1,0,0,1,0,0,0,0,1,0,0,1,0,0,1,0,0,0,0
"433",4863,"F",45,"OT","H","U","A",12000,12,7,27,8,42,1,0,1,0,0,0,0,0,1,0,0,1,0,0,0,1,0,0,0
"434",274,"F",26,"OT","H","T","C",7000,0,18,23,13,54,1,0,0,1,0,0,0,0,1,0,0,1,0,0,1,0,0,0,0
"435",5601,"F",40,"SC","H","T","C",2000,0,19,35,17,71,1,0,0,1,0,0,0,0,1,0,0,0,1,0,1,0,0,0,0
"436",1159,"F",30,"OT","H","T","C",3200,0,21,31,22,74,1,0,0,1,0,0,0,0,1,0,0,1,0,0,1,0,0,0,0
"437",3337,"F",28,"SC","H","T","C",2000,0,17,31,16,64,1,0,0,1,0,0,0,0,1,0,0,0,1,0,1,0,0,0,0
"438",3190,"T",15,"OT","H","T","A",12000,4,12,33,25,70,0,1,1,0,0,0,0,0,1,0,0,1,0,0,1,0,0,0,0
"439",5705,"T",24,"OT","H","T","A",12000,2.5,21,21,17,59,0,1,1,0,0,0,0,0,1,0,0,1,0,0,1,0,0,0,0
"440",5162,"T",21,"SC","H","K","A",3000,2,22,28.5,15,65,0,1,1,0,0,0,0,0,1,0,0,0,1,0,0,0,1,0,0
"441",3144,"F",45,"OT","H","T","C",5000,0,10,21,20,51,1,0,0,1,0,0,0,0,1,0,0,1,0,0,1,0,0,0,0
"442",2873,"F",24,"SC","H","T","C",5000,2,17,30,24,71,1,0,0,1,0,0,0,0,1,0,0,0,1,0,1,0,0,0,0
"443",3517,"F",30,"OT","H","T","C",7500,0,20,32,21,73,1,0,0,1,0,0,0,0,1,0,0,1,0,0,1,0,0,0,0
"444",2421,"F",24,"OT","H","T","C",8500,0,10,36,26,72,1,0,0,1,0,0,0,0,1,0,0,1,0,0,1,0,0,0,0
"445",5776,"F",21,"SC","H","K","C",6000,0,21,36,10,67,1,0,0,1,0,0,0,0,1,0,0,0,1,0,0,0,1,0,0
"446",4715,"T",21,"OT","H","T","T",5000,0,9,22,24,55,0,1,0,0,0,0,0,1,1,0,0,1,0,0,1,0,0,0,0
"447",1273,"T",27,"SC","H","T","C",7250,0,10,33,20,63,0,1,0,1,0,0,0,0,1,0,0,0,1,0,1,0,0,0,0
"448",3072,"F",40,"SC","H","T","C",5000,0,12,14,21,47,1,0,0,1,0,0,0,0,1,0,0,0,1,0,1,0,0,0,0
"449",1417,"T",24,"SC","H","T","C",3400,0,12,33,12,57,0,1,0,1,0,0,0,0,1,0,0,0,1,0,1,0,0,0,0
"450",2097,"T",30,"OT","H","T","C",8000,5,13,26,12,51,0,1,0,1,0,0,0,0,1,0,0,1,0,0,1,0,0,0,0
"451",3376,"T",22,"OT","H","T","C",6000,1,11,19,17,47,0,1,0,1,0,0,0,0,1,0,0,1,0,0,1,0,0,0,0
"452",561,"F",30,"OT","H","T","C",4000,0,11,20,15,46,1,0,0,1,0,0,0,0,1,0,0,1,0,0,1,0,0,0,0
"453",1517,"F",29,"SC","H","T","C",3000,0,13,34,24,71,1,0,0,1,0,0,0,0,1,0,0,0,1,0,1,0,0,0,0
"454",4109,"F",39,"OT","M","D","C",7000,0,8,31,17,56,1,0,0,1,0,0,0,0,0,1,0,1,0,0,0,0,0,1,0
"455",1258,"F",36,"OT","H","T","C",3500,0,15,17,15,47,1,0,0,1,0,0,0,0,1,0,0,1,0,0,1,0,0,0,0
"456",3772,"F",27,"OT","H","T","C",4000,0,10,30,5,45,1,0,0,1,0,0,0,0,1,0,0,1,0,0,1,0,0,0,0
"457",5596,"F",24,"SC","H","U","C",2000,0,15,24,6,45,1,0,0,1,0,0,0,0,1,0,0,0,1,0,0,1,0,0,0
"458",4796,"T",18,"SC","H","T","H",0,0,13,13,21,47,0,1,0,0,0,1,0,0,1,0,0,0,1,0,1,0,0,0,0
"459",2849,"F",24,"OT","H","T","C",4000,1,17,32,22,71,1,0,0,1,0,0,0,0,1,0,0,1,0,0,1,0,0,0,0
"460",3317,"T",15,"OT","H","T","A",6200,0,18,31,17,66,0,1,1,0,0,0,0,0,1,0,0,1,0,0,1,0,0,0,0
"461",5708,"F",19,"OT","H","T","C",10000,4,22,14,17,53,1,0,0,1,0,0,0,0,1,0,0,1,0,0,1,0,0,0,0
"462",1535,"F",29,"SC","H","T","C",2500,0,20,35,24,79,1,0,0,1,0,0,0,0,1,0,0,0,1,0,1,0,0,0,0
"463",4113,"F",48,"OT","H","T","C",5000,0,10,8,17,35,1,0,0,1,0,0,0,0,1,0,0,1,0,0,1,0,0,0,0
"464",5826,"T",22,"OT","H","T","A",9000,2,15,26,22,63,0,1,1,0,0,0,0,0,1,0,0,1,0,0,1,0,0,0,0
"465",3675,"T",15,"OT","H","U","A",7000,3,19,39,17,75,0,1,1,0,0,0,0,0,1,0,0,1,0,0,0,1,0,0,0
"466",1281,"T",18,"SC","H","T","C",3000,0,20,25,12,57,0,1,0,1,0,0,0,0,1,0,0,0,1,0,1,0,0,0,0
"467",4365,"F",43,"OT","H","T","C",8000,0,12,25,15,52,1,0,0,1,0,0,0,0,1,0,0,1,0,0,1,0,0,0,0
"468",2092,"F",45,"OT","H","T","C",7000,2,18,33,13,64,1,0,0,1,0,0,0,0,1,0,0,1,0,0,1,0,0,0,0
"469",4767,"F",30,"SC","H","T","C",6000,2,13,7,13,33,1,0,0,1,0,0,0,0,1,0,0,0,1,0,1,0,0,0,0
"470",5895,"T",17,"OT","H","K","A",1500,0,28,27,10,65,0,1,1,0,0,0,0,0,1,0,0,1,0,0,0,0,1,0,0
"471",4666,"F",17,"OT","H","T","C",2000,0,9,31,25,65,1,0,0,1,0,0,0,0,1,0,0,1,0,0,1,0,0,0,0
"472",800,"F",37,"ST","H","T","C",3500,0,0,0,0,23,1,0,0,1,0,0,0,0,1,0,0,0,0,1,1,0,0,0,0
"473",3594,"F",17,"OT","H","T","C",8000,0,11,9,15,35,1,0,0,1,0,0,0,0,1,0,0,1,0,0,1,0,0,0,0
"474",3230,"T",15,"SC","H","T","C",4500,0,20,30,22,72,0,1,0,1,0,0,0,0,1,0,0,0,1,0,1,0,0,0,0
"475",2484,"T",28,"OT","H","T","A",3000,3,17,14,14,45,0,1,1,0,0,0,0,0,1,0,0,1,0,0,1,0,0,0,0
"476",4743,"F",28,"OT","H","T","C",2500,0,15,32,19,66,1,0,0,1,0,0,0,0,1,0,0,1,0,0,1,0,0,0,0
"477",1063,"F",27,"OT","H","T","C",6000,0,13,23,24,60,1,0,0,1,0,0,0,0,1,0,0,1,0,0,1,0,0,0,0
"478",5891,"F",12,"OT","H","T","C",12000,1,17,30,19,66,1,0,0,1,0,0,0,0,1,0,0,1,0,0,1,0,0,0,0
"479",1324,"F",32,"SC","H","T","C",8500,0,7,13,22,42,1,0,0,1,0,0,0,0,1,0,0,0,1,0,1,0,0,0,0
"480",3185,"T",27,"SC","H","T","C",3000,0,22,32,24,78,0,1,0,1,0,0,0,0,1,0,0,0,1,0,1,0,0,0,0
"481",1099,"F",37,"OT","H","T","C",4000,0,10,24,15,49,1,0,0,1,0,0,0,0,1,0,0,1,0,0,1,0,0,0,0
"482",3756,"T",24,"OT","H","T","C",4000,0,21,29,27,77,0,1,0,1,0,0,0,0,1,0,0,1,0,0,1,0,0,0,0
"483",4833,"F",23,"OT","H","U","C",3000,0,13,15,6,34,1,0,0,1,0,0,0,0,1,0,0,1,0,0,0,1,0,0,0
"484",899,"F",39,"OT","H","T","C",4800,0,28,29,17,74,1,0,0,1,0,0,0,0,1,0,0,1,0,0,1,0,0,0,0
"485",2372,"F",24,"SC","H","T","C",6500,0,10,35,15,60,1,0,0,1,0,0,0,0,1,0,0,0,1,0,1,0,0,0,0
"486",5479,"F",19,"OT","H","T","C",7000,0,15,25,16,56,1,0,0,1,0,0,0,0,1,0,0,1,0,0,1,0,0,0,0
"487",1602,"F",38,"SC","H","T","C",3000,0,7,23,6,36,1,0,0,1,0,0,0,0,1,0,0,0,1,0,1,0,0,0,0
"488",3298,"F",17,"SC","H","T","C",10000,0,20,30,26,76,1,0,0,1,0,0,0,0,1,0,0,0,1,0,1,0,0,0,0
"489",3859,"F",23,"OT","H","U","A",6750,1,13,26,13,52,1,0,1,0,0,0,0,0,1,0,0,1,0,0,0,1,0,0,0
"490",5214,"F",34,"OT","H","U","A",7000,2,15,34,18,67,1,0,1,0,0,0,0,0,1,0,0,1,0,0,0,1,0,0,0
"491",3722,"F",18,"SC","H","T","C",7000,3,10,24,2,36,1,0,0,1,0,0,0,0,1,0,0,0,1,0,1,0,0,0,0
"492",2903,"F",12,"OT","M","D","U",0,1,10,18,20,48,1,0,0,0,1,0,0,0,0,1,0,1,0,0,0,0,0,1,0
"493",4438,"F",30,"OT","H","T","C",4500,0,22,27,28,77,1,0,0,1,0,0,0,0,1,0,0,1,0,0,1,0,0,0,0
"494",2411,"T",21,"OT","H","T","C",6700,0,14,33,19,66,0,1,0,1,0,0,0,0,1,0,0,1,0,0,1,0,0,0,0
"495",900,"F",37,"OT","H","T","C",5300,0,9,0,20,29,1,0,0,1,0,0,0,0,1,0,0,1,0,0,1,0,0,0,0
"496",4294,"F",45,"OT","H","U","C",12000,0,18,30,17,65,1,0,0,1,0,0,0,0,1,0,0,1,0,0,0,1,0,0,0
"497",3672,"T",16,"OT","H","U","A",4000,0,18,40,17,75,0,1,1,0,0,0,0,0,1,0,0,1,0,0,0,1,0,0,0
"498",3421,"F",40,"SC","H","T","C",5000,0,9,10,5,24,1,0,0,1,0,0,0,0,1,0,0,0,1,0,1,0,0,0,0
"499",2613,"F",21,"OT","H","T","C",6000,0,17,31,4,32,1,0,0,1,0,0,0,0,1,0,0,1,0,0,1,0,0,0,0
"500",537,"F",19,"SC","H","T","C",4000,0,14,9,18,41,1,0,0,1,0,0,0,0,1,0,0,0,1,0,1,0,0,0,0
"501",1876,"T",24,"OT","H","T","C",7500,0,12,29,10,51,0,1,0,1,0,0,0,0,1,0,0,1,0,0,1,0,0,0,0
"502",5779,"F",20,"SC","H","T","C",7000,0,19,26,10,55,1,0,0,1,0,0,0,0,1,0,0,0,1,0,1,0,0,0,0
"503",3623,"F",25,"OT","H","T","C",8000,0,10,26,12,48,1,0,0,1,0,0,0,0,1,0,0,1,0,0,1,0,0,0,0
"504",5117,"T",25,"SC","H","T","A",10000,0,5,25,13,43,0,1,1,0,0,0,0,0,1,0,0,0,1,0,1,0,0,0,0
"505",3643,"T",15,"OT","H","U","C",3000,0,19,24,15,58,0,1,0,1,0,0,0,0,1,0,0,1,0,0,0,1,0,0,0
"506",1853,"F",40,"OT","H","T","C",6000,0,15,17,11,45,1,0,0,1,0,0,0,0,1,0,0,1,0,0,1,0,0,0,0
"507",2745,"F",31,"OT","H","T","C",5500,1,16,32,19,67,1,0,0,1,0,0,0,0,1,0,0,1,0,0,1,0,0,0,0
"508",2371,"F",32,"SC","H","T","C",6500,0,18,34,16,68,1,0,0,1,0,0,0,0,1,0,0,0,1,0,1,0,0,0,0
"509",1292,"T",19,"SC","H","T","C",2500,1,12,26,19,57,0,1,0,1,0,0,0,0,1,0,0,0,1,0,1,0,0,0,0
"510",3507,"F",30,"SC","H","T","C",10000,0,11,19,17,47,1,0,0,1,0,0,0,0,1,0,0,0,1,0,1,0,0,0,0
"511",4201,"F",21,"OT","H","T","C",7500,0,12,8,19,39,1,0,0,1,0,0,0,0,1,0,0,1,0,0,1,0,0,0,0
"512",3090,"F",18,"OT","H","T","C",3000,0,14,27,15,56,1,0,0,1,0,0,0,0,1,0,0,1,0,0,1,0,0,0,0
"513",1179,"F",20,"OT","H","T","C",4000,1,21,39,20,80,1,0,0,1,0,0,0,0,1,0,0,1,0,0,1,0,0,0,0
"514",211,"F",28,"SC","H","T","C",8000,0,19,26,10,55,1,0,0,1,0,0,0,0,1,0,0,0,1,0,1,0,0,0,0
"515",4818,"F",28,"SC","H","T","C",5000,0,18,26,22,66,1,0,0,1,0,0,0,0,1,0,0,0,1,0,1,0,0,0,0
"516",5483,"F",45,"OT","H","T","C",8000,0,15,20,14,49,1,0,0,1,0,0,0,0,1,0,0,1,0,0,1,0,0,0,0
"517",4947,"T",33,"OT","H","U","C",12000,0,16,17,16,49,0,1,0,1,0,0,0,0,1,0,0,1,0,0,0,1,0,0,0
"518",2453,"F",22,"OT","H","T","C",8500,0,14,25,10,49,1,0,0,1,0,0,0,0,1,0,0,1,0,0,1,0,0,0,0
"519",3659,"T",23,"SC","H","T","A",7000,4,14,24,18,56,0,1,1,0,0,0,0,0,1,0,0,0,1,0,1,0,0,0,0
"520",337,"F",35,"OT","H","T","C",7000,0,21,34,20,75,1,0,0,1,0,0,0,0,1,0,0,1,0,0,1,0,0,0,0
"521",4978,"F",18,"SC","H","U","C",9600,0,14,20,22,56,1,0,0,1,0,0,0,0,1,0,0,0,1,0,0,1,0,0,0
"522",214,"F",35,"OT","H","T","C",3500,0,15,3,1,23,1,0,0,1,0,0,0,0,1,0,0,1,0,0,1,0,0,0,0
"523",4189,"F",27,"OT","H","T","A",10000,2,8,27,11,46,1,0,1,0,0,0,0,0,1,0,0,1,0,0,1,0,0,0,0
"524",2727,"T",33,"OT","H","T","C",5500,0,18,31,23,72,0,1,0,1,0,0,0,0,1,0,0,1,0,0,1,0,0,0,0
"525",1034,"F",30,"OT","H","T","C",3000,0,12,15,13,40,1,0,0,1,0,0,0,0,1,0,0,1,0,0,1,0,0,0,0
"526",5378,"T",23,"OT","H","T","A",12000,2,12,16,27,55,0,1,1,0,0,0,0,0,1,0,0,1,0,0,1,0,0,0,0
"527",969,"F",31,"SC","H","T","C",6000,0,24,19,21,64,1,0,0,1,0,0,0,0,1,0,0,0,1,0,1,0,0,0,0
"528",162,"F",25,"OT","H","T","C",8000,0,21,21,8,50,1,0,0,1,0,0,0,0,1,0,0,1,0,0,1,0,0,0,0
"529",4325,"F",36,"OT","H","T","C",12000,0,13,36,22,71,1,0,0,1,0,0,0,0,1,0,0,1,0,0,1,0,0,0,0
"530",5274,"F",25,"OT","H","K","A",5000,2,11,40,5,56,1,0,1,0,0,0,0,0,1,0,0,1,0,0,0,0,1,0,0
"531",602,"F",40,"OT","H","T","C",7000,0,3,23,20,46,1,0,0,1,0,0,0,0,1,0,0,1,0,0,1,0,0,0,0
"532",382,"F",24,"OT","H","T","C",4000,0,16,34,14,64,1,0,0,1,0,0,0,0,1,0,0,1,0,0,1,0,0,0,0
"533",4261,"F",28,"OT","H","T","A",9500,2,9,28,19,56,1,0,1,0,0,0,0,0,1,0,0,1,0,0,1,0,0,0,0
"534",1172,"F",35,"OT","H","T","C",4500,0,10,6,13,29,1,0,0,1,0,0,0,0,1,0,0,1,0,0,1,0,0,0,0
"535",2687,"F",22,"OT","H","T","A",5000,1,14,24,19,57,1,0,1,0,0,0,0,0,1,0,0,1,0,0,1,0,0,0,0
"536",4116,"F",29,"OT","H","T","C",5000,0,9,10,19,38,1,0,0,1,0,0,0,0,1,0,0,1,0,0,1,0,0,0,0
"537",5775,"T",13,"OT","H","T","A",8000,1,15,34,24,73,0,1,1,0,0,0,0,0,1,0,0,1,0,0,1,0,0,0,0
"538",5820,"F",30,"OT","H","U","C",5000,0,8,21,16,45,1,0,0,1,0,0,0,0,1,0,0,1,0,0,0,1,0,0,0
"539",3748,"T",25,"OT","H","T","C",2000,0,8,29,15,52,0,1,0,1,0,0,0,0,1,0,0,1,0,0,1,0,0,0,0
"540",2736,"F",28,"OT","H","T","C",4500,2,13,19,17,49,1,0,0,1,0,0,0,0,1,0,0,1,0,0,1,0,0,0,0
"541",5963,"T",24,"SC","H","T","C",3500,0,23,28,27,78,0,1,0,1,0,0,0,0,1,0,0,0,1,0,1,0,0,0,0
"542",3776,"F",25,"SC","H","T","C",1800,0,18,40,27,85,1,0,0,1,0,0,0,0,1,0,0,0,1,0,1,0,0,0,0
"543",1129,"F",23,"OT","H","T","C",3000,0,10,23,15,48,1,0,0,1,0,0,0,0,1,0,0,1,0,0,1,0,0,0,0
"544",1069,"F",34,"OT","H","T","C",6000,0,12,16,14,42,1,0,0,1,0,0,0,0,1,0,0,1,0,0,1,0,0,0,0
"545",2295,"F",19,"SC","H","T","C",5000,0,7,22,5,34,1,0,0,1,0,0,0,0,1,0,0,0,1,0,1,0,0,0,0
"546",3033,"T",45,"OT","H","T","A",5000,3,17,28,20,65,0,1,1,0,0,0,0,0,1,0,0,1,0,0,1,0,0,0,0
"547",4133,"T",19,"SC","H","T","C",7000,0,10,25,24,59,0,1,0,1,0,0,0,0,1,0,0,0,1,0,1,0,0,0,0
"548",2190,"T",28,"OT","H","T","C",7500,0,16,29,16,61,0,1,0,1,0,0,0,0,1,0,0,1,0,0,1,0,0,0,0
"549",534,"F",17,"SC","H","T","C",4000,0,12,25,23,60,1,0,0,1,0,0,0,0,1,0,0,0,1,0,1,0,0,0,0
"550",71,"T",19,"SC","H","T","C",4000,0,21.5,26.5,16,64,0,1,0,1,0,0,0,0,1,0,0,0,1,0,1,0,0,0,0
"551",2077,"T",28,"OT","H","T","C",12000,0,5,0,0,23,0,1,0,1,0,0,0,0,1,0,0,1,0,0,1,0,0,0,0
"552",726,"F",35,"OT","H","T","C",3000,0,11,35,26,72,1,0,0,1,0,0,0,0,1,0,0,1,0,0,1,0,0,0,0
"553",461,"F",23,"OT","H","T","C",4500,0,9,22.5,20,52,1,0,0,1,0,0,0,0,1,0,0,1,0,0,1,0,0,0,0
"554",4350,"T",44,"OT","H","T","C",6000,0,15,23,25,63,0,1,0,1,0,0,0,0,1,0,0,1,0,0,1,0,0,0,0
"555",1253,"T",32,"OT","H","T","C",4500,0,9,8,8,25,0,1,0,1,0,0,0,0,1,0,0,1,0,0,1,0,0,0,0
"556",1600,"T",35,"SC","H","T","C",5000,0,10,20,11,41,0,1,0,1,0,0,0,0,1,0,0,0,1,0,1,0,0,0,0
"557",4363,"F",27,"SC","H","T","C",7600,0,14,27,25,66,1,0,0,1,0,0,0,0,1,0,0,0,1,0,1,0,0,0,0
"558",102,"T",12,"OT","H","T","C",3500,0,21,26,7,54,0,1,0,1,0,0,0,0,1,0,0,1,0,0,1,0,0,0,0
"559",2846,"F",26,"OT","H","T","C",6000,2,17,30,26,73,1,0,0,1,0,0,0,0,1,0,0,1,0,0,1,0,0,0,0
"560",3580,"F",20,"OT","H","T","A",8000,0,7,24,20,51,1,0,1,0,0,0,0,0,1,0,0,1,0,0,1,0,0,0,0
"561",2626,"F",27,"OT","H","T","C",5000,0,16,27,13,56,1,0,0,1,0,0,0,0,1,0,0,1,0,0,1,0,0,0,0
"562",5594,"F",27,"SC","H","K","C",2000,0,17,6,5,28,1,0,0,1,0,0,0,0,1,0,0,0,1,0,0,0,1,0,0
"563",3509,"T",25,"OT","H","T","C",4600,0,12,22,12,46,0,1,0,1,0,0,0,0,1,0,0,1,0,0,1,0,0,0,0
"564",1202,"T",28,"SC","H","T","C",5500,0,14,26,18,58,0,1,0,1,0,0,0,0,1,0,0,0,1,0,1,0,0,0,0
"565",4389,"F",40,"OT","H","T","C",8000,0,20,32,29,81,1,0,0,1,0,0,0,0,1,0,0,1,0,0,1,0,0,0,0
"566",4980,"T",19,"SC","H","U","C",9000,0,13,26,10,49,0,1,0,1,0,0,0,0,1,0,0,0,1,0,0,1,0,0,0
"567",1933,"F",14,"OT","H","T","C",2000,0,13,33,12,58,1,0,0,1,0,0,0,0,1,0,0,1,0,0,1,0,0,0,0
"568",3060,"F",28,"OT","H","T","A",5000,2,17,33,26,76,1,0,1,0,0,0,0,0,1,0,0,1,0,0,1,0,0,0,0
"569",3600,"F",20,"OT","H","T","C",10000,0,10,28,13,51,1,0,0,1,0,0,0,0,1,0,0,1,0,0,1,0,0,0,0
"570",5116,"F",25,"SC","H","T","C",8000,0,15,29,23,67,1,0,0,1,0,0,0,0,1,0,0,0,1,0,1,0,0,0,0
"571",3347,"F",32,"OT","H","T","B",6000,0,26,30,20,77,1,0,0,0,0,0,1,0,1,0,0,1,0,0,1,0,0,0,0
"572",1525,"F",35,"SC","H","T","C",4500,0,17,30,24,71,1,0,0,1,0,0,0,0,1,0,0,0,1,0,1,0,0,0,0
"573",1703,"T",30,"SC","H","T","C",2800,0,16,29,22,67,0,1,0,1,0,0,0,0,1,0,0,0,1,0,1,0,0,0,0
"574",959,"F",27,"SC","H","T","C",6100,0,25,31,22,78,1,0,0,1,0,0,0,0,1,0,0,0,1,0,1,0,0,0,0
"575",25,"T",20,"OT","H","K","A",5000,1,8,4,3,23,0,1,1,0,0,0,0,0,1,0,0,1,0,0,0,0,1,0,0
"576",3873,"T",17,"OT","H","K","C",5000,0,17,17,22,56,0,1,0,1,0,0,0,0,1,0,0,1,0,0,0,0,1,0,0
"577",1986,"F",20,"SC","H","T","C",5000,0,16,20,5,41,1,0,0,1,0,0,0,0,1,0,0,0,1,0,1,0,0,0,0
"578",1344,"F",21,"SC","H","T","C",2500,0,8,33,8,49,1,0,0,1,0,0,0,0,1,0,0,0,1,0,1,0,0,0,0
"579",106,"T",20,"OT","H","T","C",8000,0,22,26,10,58,0,1,0,1,0,0,0,0,1,0,0,1,0,0,1,0,0,0,0
"580",4149,"F",37,"OT","H","T","C",5000,0,10,14,0,24,1,0,0,1,0,0,0,0,1,0,0,1,0,0,1,0,0,0,0
"581",4162,"F",30,"OT","H","T","C",6000,0,13,26,21,60,1,0,0,1,0,0,0,0,1,0,0,1,0,0,1,0,0,0,0
"582",2708,"F",35,"OT","H","T","A",4500,2,17,31,23,71,1,0,1,0,0,0,0,0,1,0,0,1,0,0,1,0,0,0,0
"583",3963,"F",25,"OT","H","T","B",10000,0,15,32,23,70,1,0,0,0,0,0,1,0,1,0,0,1,0,0,1,0,0,0,0
"584",4588,"F",25,"SC","H","T","A",5000,1,17,27,22,66,1,0,1,0,0,0,0,0,1,0,0,0,1,0,1,0,0,0,0
"585",3115,"F",40,"OT","H","T","C",5000,0,14,27,26,67,1,0,0,1,0,0,0,0,1,0,0,1,0,0,1,0,0,0,0
"586",1309,"T",19,"SC","H","T","C",2000,0,20,39,16,75,0,1,0,1,0,0,0,0,1,0,0,0,1,0,1,0,0,0,0
"587",1618,"F",16,"SC","H","T","C",5500,0,5,28,7,40,1,0,0,1,0,0,0,0,1,0,0,0,1,0,1,0,0,0,0
"588",4860,"T",24,"SC","H","U","C",7600,0,0,0,0,23,0,1,0,1,0,0,0,0,1,0,0,0,1,0,0,1,0,0,0
"589",1225,"F",29,"SC","H","T","C",6300,0,10,30,17,57,1,0,0,1,0,0,0,0,1,0,0,0,1,0,1,0,0,0,0
"590",5361,"F",26,"OT","H","U","C",3200,0,9,26,22,57,1,0,0,1,0,0,0,0,1,0,0,1,0,0,0,1,0,0,0
"591",3128,"F",31,"OT","H","T","C",4000,0,25,34,18,77,1,0,0,1,0,0,0,0,1,0,0,1,0,0,1,0,0,0,0
"592",989,"F",31,"OT","H","T","C",4000,0,10,17,16,43,1,0,0,1,0,0,0,0,1,0,0,1,0,0,1,0,0,0,0
"593",4451,"F",18,"OT","H","T","C",7700,0,21,24,18,63,1,0,0,1,0,0,0,0,1,0,0,1,0,0,1,0,0,0,0
"594",2481,"F",15,"OT","H","T","A",5500,0,10,23,14,47,1,0,1,0,0,0,0,0,1,0,0,1,0,0,1,0,0,0,0
"595",3625,"F",25,"OT","H","T","C",6000,0,13,19,5,37,1,0,0,1,0,0,0,0,1,0,0,1,0,0,1,0,0,0,0
"596",2059,"F",25,"OT","H","T","C",12000,5,15,16,13,44,1,0,0,1,0,0,0,0,1,0,0,1,0,0,1,0,0,0,0
"597",4950,"T",13,"OT","H","T","A",5000,0,15,37,24,76,0,1,1,0,0,0,0,0,1,0,0,1,0,0,1,0,0,0,0
"598",716,"F",30,"OT","H","T","C",5000,0,20,40,15,75,1,0,0,1,0,0,0,0,1,0,0,1,0,0,1,0,0,0,0
"599",789,"F",39,"SC","H","T","C",5000,3,19,2,9,30,1,0,0,1,0,0,0,0,1,0,0,0,1,0,1,0,0,0,0
"600",2668,"F",27,"SC","H","T","A",3600,0,10,24,12,46,1,0,1,0,0,0,0,0,1,0,0,0,1,0,1,0,0,0,0
"601",1728,"T",37,"SC","H","T","C",2800,0,10,31,22,63,0,1,0,1,0,0,0,0,1,0,0,0,1,0,1,0,0,0,0
"602",4307,"F",31,"SC","H","T","C",8000,0,9,21,20,50,1,0,0,1,0,0,0,0,1,0,0,0,1,0,1,0,0,0,0
"603",961,"F",28,"SC","H","T","C",9000,0,24,30,21,75,1,0,0,1,0,0,0,0,1,0,0,0,1,0,1,0,0,0,0
"604",5838,"F",40,"OT","H","U","H",0,0,20,26,25,71,1,0,0,0,0,1,0,0,1,0,0,1,0,0,0,1,0,0,0
"605",786,"F",22,"OT","H","T","C",2000,0,16,24,26,66,1,0,0,1,0,0,0,0,1,0,0,1,0,0,1,0,0,0,0
"606",205,"F",30,"SC","H","T","C",3000,0,18,22,13,53,1,0,0,1,0,0,0,0,1,0,0,0,1,0,1,0,0,0,0
"607",173,"F",20,"OT","H","T","C",6000,0,16,22,16,54,1,0,0,1,0,0,0,0,1,0,0,1,0,0,1,0,0,0,0
"608",624,"F",26,"OT","H","T","C",4000,0,17,29,13,59,1,0,0,1,0,0,0,0,1,0,0,1,0,0,1,0,0,0,0
"609",3902,"T",28,"OT","H","T","A",7500,3,15,23,5,43,0,1,1,0,0,0,0,0,1,0,0,1,0,0,1,0,0,0,0
"610",2093,"F",25,"SC","H","T","C",5000,0,15,32,14,61,1,0,0,1,0,0,0,0,1,0,0,0,1,0,1,0,0,0,0
"611",1740,"T",35,"SC","H","T","C",2900,0,12,23,18,53,0,1,0,1,0,0,0,0,1,0,0,0,1,0,1,0,0,0,0
"612",4602,"F",18,"OT","H","T","C",7600,0,15,23,19,57,1,0,0,1,0,0,0,0,1,0,0,1,0,0,1,0,0,0,0
"613",4485,"F",22,"OT","H","T","C",6000,0,14,36,25,75,1,0,0,1,0,0,0,0,1,0,0,1,0,0,1,0,0,0,0
"614",3627,"F",30,"SC","H","T","C",4000,0,9,25,16,50,1,0,0,1,0,0,0,0,1,0,0,0,1,0,1,0,0,0,0
"615",4321,"F",26,"SC","H","T","C",6800,0,14,34,25,73,1,0,0,1,0,0,0,0,1,0,0,0,1,0,1,0,0,0,0
"616",208,"F",35,"OT","H","T","C",2000,0,20,26,13,59,1,0,0,1,0,0,0,0,1,0,0,1,0,0,1,0,0,0,0
"617",5179,"T",16,"OT","H","K","A",7000,4,8,7,14,29,0,1,1,0,0,0,0,0,1,0,0,1,0,0,0,0,1,0,0
"618",5388,"T",32,"OT","H","T","C",4000,0,16,23,15,54,0,1,0,1,0,0,0,0,1,0,0,1,0,0,1,0,0,0,0
"619",5628,"F",27,"SC","H","K","C",4000,0,12,6,9,27,1,0,0,1,0,0,0,0,1,0,0,0,1,0,0,0,1,0,0
"620",4407,"F",40,"OT","H","T","C",6600,0,19,34,28,81,1,0,0,1,0,0,0,0,1,0,0,1,0,0,1,0,0,0,0
"621",4811,"F",15,"SC","H","T","C",5000,0,13,22,16,51,1,0,0,1,0,0,0,0,1,0,0,0,1,0,1,0,0,0,0
"622",2494,"T",17,"OT","H","T","A",7000,3,13,30,13,56,0,1,1,0,0,0,0,0,1,0,0,1,0,0,1,0,0,0,0
"623",4328,"F",27,"SC","H","T","C",4000,0,13,27,25,65,1,0,0,1,0,0,0,0,1,0,0,0,1,0,1,0,0,0,0
"624",4340,"F",29,"OT","H","T","C",5000,0,15,29,23,67,1,0,0,1,0,0,0,0,1,0,0,1,0,0,1,0,0,0,0
"625",1817,"F",22,"OT","H","T","C",5000,0,14,23,12,49,1,0,0,1,0,0,0,0,1,0,0,1,0,0,1,0,0,0,0
"626",5653,"T",18,"OT","C","T","A",3000,0.5,8,0,8,23,0,1,1,0,0,0,0,0,0,0,1,1,0,0,1,0,0,0,0
"627",2439,"F",40,"OT","H","T","C",7400,0,13,35,27,75,1,0,0,1,0,0,0,0,1,0,0,1,0,0,1,0,0,0,0
"628",389,"T",19,"OT","H","T","C",4500,0,19,31,17,67,0,1,0,1,0,0,0,0,1,0,0,1,0,0,1,0,0,0,0
"629",4009,"F",45,"SC","H","U","C",6000,1,15,0,0,23,1,0,0,1,0,0,0,0,1,0,0,0,1,0,0,1,0,0,0
"630",5766,"T",14,"OT","H","T","U",9000,2,20,29,27,76,0,1,0,0,1,0,0,0,1,0,0,1,0,0,1,0,0,0,0
"631",4781,"F",28,"SC","H","T","A",0,0,15,19,14,48,1,0,1,0,0,0,0,0,1,0,0,0,1,0,1,0,0,0,0
"632",3005,"F",45,"SC","H","T","C",2000,0,6,28,5,39,1,0,0,1,0,0,0,0,1,0,0,0,1,0,1,0,0,0,0
"633",435,"F",28,"OT","H","T","C",4000,0,23,24,23,70,1,0,0,1,0,0,0,0,1,0,0,1,0,0,1,0,0,0,0
"634",3779,"F",41,"OT","H","T","C",1500,0,16,20,16,52,1,0,0,1,0,0,0,0,1,0,0,1,0,0,1,0,0,0,0
"635",289,"F",24,"OT","H","T","C",3800,0,15,23,10,48,1,0,0,1,0,0,0,0,1,0,0,1,0,0,1,0,0,0,0
"636",3313,"F",17,"SC","H","T","C",7000,0,22,22,9,53,1,0,0,1,0,0,0,0,1,0,0,0,1,0,1,0,0,0,0
"637",1894,"F",33,"OT","H","T","U",7000,0,14,29,14,57,1,0,0,0,1,0,0,0,1,0,0,1,0,0,1,0,0,0,0
"638",1708,"T",45,"SC","H","T","C",3000,0,14,18,17,49,0,1,0,1,0,0,0,0,1,0,0,0,1,0,1,0,0,0,0
"639",2593,"F",25,"OT","H","T","C",5000,0,10,15,11,36,1,0,0,1,0,0,0,0,1,0,0,1,0,0,1,0,0,0,0
"640",4352,"T",39,"OT","H","T","C",7500,0,16,32,17,65,0,1,0,1,0,0,0,0,1,0,0,1,0,0,1,0,0,0,0
"641",5405,"T",15,"OT","M","T","A",3600,0,16,23,19,58,0,1,1,0,0,0,0,0,0,1,0,1,0,0,1,0,0,0,0
"642",3011,"F",40,"SC","H","T","C",0,0,12,23,6,41,1,0,0,1,0,0,0,0,1,0,0,0,1,0,1,0,0,0,0
"643",3274,"F",25,"SC","H","T","C",5000,0,18,23,25,66,1,0,0,1,0,0,0,0,1,0,0,0,1,0,1,0,0,0,0
"644",4993,"F",28,"OT","H","U","A",8000,0,15,31,18,64,1,0,1,0,0,0,0,0,1,0,0,1,0,0,0,1,0,0,0
"645",1572,"T",27,"SC","H","T","C",2500,0,10,22,10,42,0,1,0,1,0,0,0,0,1,0,0,0,1,0,1,0,0,0,0
"646",2588,"F",26,"OT","H","T","A",6000,0,12,17,11,40,1,0,1,0,0,0,0,0,1,0,0,1,0,0,1,0,0,0,0
"647",5468,"T",30,"OT","H","K","A",2000,2,10,31,24,65,0,1,1,0,0,0,0,0,1,0,0,1,0,0,0,0,1,0,0
"648",1879,"F",30,"OT","H","T","C",6800,0,13,24,11,48,1,0,0,1,0,0,0,0,1,0,0,1,0,0,1,0,0,0,0
"649",3333,"F",20,"SC","H","T","C",7000,0,26,31,22,79,1,0,0,1,0,0,0,0,1,0,0,0,1,0,1,0,0,0,0
"650",2082,"F",39,"OT","H","T","C",12000,0,15,32,15,62,1,0,0,1,0,0,0,0,1,0,0,1,0,0,1,0,0,0,0
"651",5656,"T",35,"OT","C","T","A",3000,0,9,24,20,53,0,1,1,0,0,0,0,0,0,0,1,1,0,0,1,0,0,0,0
"652",447,"F",34,"SC","H","T","C",6000,0,16,20.5,19,56,1,0,0,1,0,0,0,0,1,0,0,0,1,0,1,0,0,0,0
"653",3996,"F",27,"OT","H","T","C",7000,1,14,31,20,65,1,0,0,1,0,0,0,0,1,0,0,1,0,0,1,0,0,0,0
"654",970,"F",32,"SC","H","T","U",12000,0,19,30,22,71,1,0,0,0,1,0,0,0,1,0,0,0,1,0,1,0,0,0,0
"655",4827,"F",26,"SC","H","U","C",6000,0,8,25,4,37,1,0,0,1,0,0,0,0,1,0,0,0,1,0,0,1,0,0,0
"656",62,"T",20,"OT","H","T","A",7500,0,24,20,23,67,0,1,1,0,0,0,0,0,1,0,0,1,0,0,1,0,0,0,0
"657",1053,"F",30,"OT","H","T","C",6500,0,15,34,22,71,1,0,0,1,0,0,0,0,1,0,0,1,0,0,1,0,0,0,0
"658",2686,"F",27,"OT","H","T","A",8000,0,8,13,13,34,1,0,1,0,0,0,0,0,1,0,0,1,0,0,1,0,0,0,0
"659",2301,"F",25,"OT","H","U","C",6500,0,18,36,23,77,1,0,0,1,0,0,0,0,1,0,0,1,0,0,0,1,0,0,0
"660",3524,"F",26,"OT","H","T","C",8000,3,13,34,5,52,1,0,0,1,0,0,0,0,1,0,0,1,0,0,1,0,0,0,0
"661",2458,"F",35,"OT","H","T","C",7500,0,14,25,18,57,1,0,0,1,0,0,0,0,1,0,0,1,0,0,1,0,0,0,0
"662",1649,"F",22,"SC","H","T","C",3500,0,10,25,19,54,1,0,0,1,0,0,0,0,1,0,0,0,1,0,1,0,0,0,0
"663",5195,"T",24,"OT","H","T","A",5000,0,16,29,23,68,0,1,1,0,0,0,0,0,1,0,0,1,0,0,1,0,0,0,0
"664",4566,"F",47,"OT","H","T","A",3600,1,17,24,8,49,1,0,1,0,0,0,0,0,1,0,0,1,0,0,1,0,0,0,0
"665",200,"F",32,"OT","H","T","C",3600,0,13,21,2,36,1,0,0,1,0,0,0,0,1,0,0,1,0,0,1,0,0,0,0
"666",90,"F",45,"OT","H","T","C",3900,0,4,25.5,11,41,1,0,0,1,0,0,0,0,1,0,0,1,0,0,1,0,0,0,0
"667",2211,"F",32,"OT","H","T","A",12000,0,6,10,3,23,1,0,1,0,0,0,0,0,1,0,0,1,0,0,1,0,0,0,0
"668",1652,"F",20,"SC","H","T","C",0,0,14,24,19,57,1,0,0,1,0,0,0,0,1,0,0,0,1,0,1,0,0,0,0
"669",2625,"F",23,"SC","H","T","C",8000,0,12,23,10,45,1,0,0,1,0,0,0,0,1,0,0,0,1,0,1,0,0,0,0
"670",4710,"F",31,"SC","H","T","C",5000,0,11,32,22,65,1,0,0,1,0,0,0,0,1,0,0,0,1,0,1,0,0,0,0
"671",942,"F",42,"SC","H","T","C",4800,0,18,21,13,52,1,0,0,1,0,0,0,0,1,0,0,0,1,0,1,0,0,0,0
"672",3358,"T",20,"SC","H","T","C",7000,0,19,32,20,71,0,1,0,1,0,0,0,0,1,0,0,0,1,0,1,0,0,0,0
"673",5235,"T",18,"OT","H","K","A",10000,0,3,0,22,25,0,1,1,0,0,0,0,0,1,0,0,1,0,0,0,0,1,0,0
"674",3302,"T",20,"SC","H","T","C",7000,0,24,23,19,66,0,1,0,1,0,0,0,0,1,0,0,0,1,0,1,0,0,0,0
"675",4699,"T",16,"OT","H","T","C",8500,0,13,30,27,70,0,1,0,1,0,0,0,0,1,0,0,1,0,0,1,0,0,0,0
"676",38,"F",18,"SC","H","T","A",5000,2,21,35,22,78,1,0,1,0,0,0,0,0,1,0,0,0,1,0,1,0,0,0,0
"677",2567,"F",48,"OT","H","T","C",8500,0,16,37,22,75,1,0,0,1,0,0,0,0,1,0,0,1,0,0,1,0,0,0,0
"678",878,"F",34,"SC","H","T","C",1800,0,10,22,2,34,1,0,0,1,0,0,0,0,1,0,0,0,1,0,1,0,0,0,0
"679",3249,"F",25,"SC","H","T","C",600,0,13,23,25,61,1,0,0,1,0,0,0,0,1,0,0,0,1,0,1,0,0,0,0
"680",2945,"T",25,"OT","M","D","B",8000,6,18,25,21,64,0,1,0,0,0,0,1,0,0,1,0,1,0,0,0,0,0,1,0
"681",2434,"F",34,"OT","H","T","C",6500,0,12,32,21,65,1,0,0,1,0,0,0,0,1,0,0,1,0,0,1,0,0,0,0
"682",5555,"F",35,"OT","H","K","C",4000,0,11,36,30,77,1,0,0,1,0,0,0,0,1,0,0,1,0,0,0,0,1,0,0
"683",1444,"T",30,"OT","H","T","C",4500,0,19.5,25,13,58,0,1,0,1,0,0,0,0,1,0,0,1,0,0,1,0,0,0,0
"684",229,"T",19,"SC","H","T","C",3500,0,22,25,9,56,0,1,0,1,0,0,0,0,1,0,0,0,1,0,1,0,0,0,0
"685",3836,"F",19,"SC","H","T","C",5250,0,22,36,15,73,1,0,0,1,0,0,0,0,1,0,0,0,1,0,1,0,0,0,0
"686",4637,"T",22,"OT","H","T","A",3400,0,14,34,16,64,0,1,1,0,0,0,0,0,1,0,0,1,0,0,1,0,0,0,0
"687",4989,"T",20,"OT","H","U","C",9000,0,13,30,6,49,0,1,0,1,0,0,0,0,1,0,0,1,0,0,0,1,0,0,0
"688",5737,"F",17,"OT","H","K","A",8000,1,23,2,0,25,1,0,1,0,0,0,0,0,1,0,0,1,0,0,0,0,1,0,0
"689",1815,"F",45,"OT","H","T","C",6000,0,10,21,12,43,1,0,0,1,0,0,0,0,1,0,0,1,0,0,1,0,0,0,0
"690",3403,"T",27,"OT","H","T","C",4200,0,16,38,7,61,0,1,0,1,0,0,0,0,1,0,0,1,0,0,1,0,0,0,0
"691",1786,"T",17,"OT","H","T","C",6000,0,10,29,17,56,0,1,0,1,0,0,0,0,1,0,0,1,0,0,1,0,0,0,0
"692",4218,"F",28,"OT","H","T","A",11000,4,18,30,27,75,1,0,1,0,0,0,0,0,1,0,0,1,0,0,1,0,0,0,0
"693",3869,"T",15,"OT","H","K","A",9000,2,12,36,5,53,0,1,1,0,0,0,0,0,1,0,0,1,0,0,0,0,1,0,0
"694",3788,"F",14,"OT","H","T","C",1500,0,12,28,16,56,1,0,0,1,0,0,0,0,1,0,0,1,0,0,1,0,0,0,0
"695",3399,"F",36,"SC","H","T","C",9000,0,13,25,10,48,1,0,0,1,0,0,0,0,1,0,0,0,1,0,1,0,0,0,0
"696",2070,"F",35,"OT","H","T","C",10000,0,16,25,21,62,1,0,0,1,0,0,0,0,1,0,0,1,0,0,1,0,0,0,0
"697",3890,"F",15,"OT","H","K","C",5000,0,5,20,11,36,1,0,0,1,0,0,0,0,1,0,0,1,0,0,0,0,1,0,0
"698",186,"F",25,"OT","H","T","C",7500,0,20,29,19,68,1,0,0,1,0,0,0,0,1,0,0,1,0,0,1,0,0,0,0
"699",1096,"F",21,"OT","H","T","C",6000,0,10,19,10,39,1,0,0,1,0,0,0,0,1,0,0,1,0,0,1,0,0,0,0
"700",3663,"F",19,"SC","H","T","C",4000,2,12,20,15,47,1,0,0,1,0,0,0,0,1,0,0,0,1,0,1,0,0,0,0
"701",1315,"T",37,"SC","H","T","C",7000,0,15,32,8,55,0,1,0,1,0,0,0,0,1,0,0,0,1,0,1,0,0,0,0
"702",5048,"F",40,"SC","H","U","A",3500,0,7,25,8,40,1,0,1,0,0,0,0,0,1,0,0,0,1,0,0,1,0,0,0
"703",3745,"F",29,"OT","H","T","C",1500,0,12,18,8,38,1,0,0,1,0,0,0,0,1,0,0,1,0,0,1,0,0,0,0
"704",5542,"F",28,"SC","H","K","C",3000,0,14,33,26,73,1,0,0,1,0,0,0,0,1,0,0,0,1,0,0,0,1,0,0
"705",255,"T",21,"SC","H","T","C",7000,0,26,26,26,78,0,1,0,1,0,0,0,0,1,0,0,0,1,0,1,0,0,0,0
"706",1331,"F",15,"SC","H","T","C",3000,0,16,36,27,79,1,0,0,1,0,0,0,0,1,0,0,0,1,0,1,0,0,0,0
"707",5192,"F",27,"OT","H","T","A",7000,2,17,27,16,60,1,0,1,0,0,0,0,0,1,0,0,1,0,0,1,0,0,0,0
"708",4384,"T",45,"OT","H","T","C",1500,0,13,30,20,63,0,1,0,1,0,0,0,0,1,0,0,1,0,0,1,0,0,0,0
"709",4176,"F",26,"SC","H","T","C",7500,0,11,22,19,52,1,0,0,1,0,0,0,0,1,0,0,0,1,0,1,0,0,0,0
"710",3489,"F",35,"SC","H","T","C",7000,1,13,35,16,64,1,0,0,1,0,0,0,0,1,0,0,0,1,0,1,0,0,0,0
"711",688,"F",17,"OT","H","T","C",4000,0,21,20,17,58,1,0,0,1,0,0,0,0,1,0,0,1,0,0,1,0,0,0,0
"712",3758,"T",20,"OT","H","T","A",2750,0.5,17,24,24,65,0,1,1,0,0,0,0,0,1,0,0,1,0,0,1,0,0,0,0
"713",5694,"T",18,"OT","H","K","A",5200,0,8,31,28,67,0,1,1,0,0,0,0,0,1,0,0,1,0,0,0,0,1,0,0
"714",2429,"F",36,"OT","H","T","C",8600,0,8,35,26,69,1,0,0,1,0,0,0,0,1,0,0,1,0,0,1,0,0,0,0
"715",5108,"F",29,"SC","H","T","C",4000,0,19,32,20,71,1,0,0,1,0,0,0,0,1,0,0,0,1,0,1,0,0,0,0
"716",1177,"T",27,"OT","H","T","C",5000,2,14,31,26,71,0,1,0,1,0,0,0,0,1,0,0,1,0,0,1,0,0,0,0
"717",4886,"T",28,"SC","H","U","C",4000,0,5,23,4,32,0,1,0,1,0,0,0,0,1,0,0,0,1,0,0,1,0,0,0
"718",1298,"F",24,"OT","H","T","C",3500,0,22,31,16,69,1,0,0,1,0,0,0,0,1,0,0,1,0,0,1,0,0,0,0
"719",1729,"T",28,"SC","H","T","C",3000,0,12,31,3,46,0,1,0,1,0,0,0,0,1,0,0,0,1,0,1,0,0,0,0
"720",2236,"F",17,"OT","H","T","A",10500,0,17,32,16,65,1,0,1,0,0,0,0,0,1,0,0,1,0,0,1,0,0,0,0
"721",3632,"F",34,"OT","H","T","C",12000,0,15,19,21,55,1,0,0,1,0,0,0,0,1,0,0,1,0,0,1,0,0,0,0
"722",2326,"F",26,"OT","H","T","C",6000,0,23,35,18,76,1,0,0,1,0,0,0,0,1,0,0,1,0,0,1,0,0,0,0
"723",2219,"F",24,"OT","H","T","C",6500,0,23,39,10,72,1,0,0,1,0,0,0,0,1,0,0,1,0,0,1,0,0,0,0
"724",719,"F",25,"OT","H","T","C",1000,0,19,29,23,71,1,0,0,1,0,0,0,0,1,0,0,1,0,0,1,0,0,0,0
"725",2123,"F",35,"OT","H","T","C",4500,0,11,29,23,63,1,0,0,1,0,0,0,0,1,0,0,1,0,0,1,0,0,0,0
"726",3801,"F",18,"OT","H","T","C",1900,0,7,18,15,40,1,0,0,1,0,0,0,0,1,0,0,1,0,0,1,0,0,0,0
"727",2467,"F",30,"OT","H","T","C",7500,0,13,36,27,76,1,0,0,1,0,0,0,0,1,0,0,1,0,0,1,0,0,0,0
"728",1955,"T",25,"OT","H","T","C",2000,0,17,24,15,56,0,1,0,1,0,0,0,0,1,0,0,1,0,0,1,0,0,0,0
"729",4676,"F",19,"SC","H","T","C",2500,0,14,31,26,71,1,0,0,1,0,0,0,0,1,0,0,0,1,0,1,0,0,0,0
"730",2770,"F",26,"OT","H","T","A",7000,0,8,17,11,36,1,0,1,0,0,0,0,0,1,0,0,1,0,0,1,0,0,0,0
"731",4865,"F",40,"SC","H","U","C",4800,0,7,18,8,33,1,0,0,1,0,0,0,0,1,0,0,0,1,0,0,1,0,0,0
"732",2990,"F",30,"OT","H","T","C",5000,0,9,23,17,49,1,0,0,1,0,0,0,0,1,0,0,1,0,0,1,0,0,0,0
"733",4040,"F",19,"OT","H","T","C",3000,0,11,26,25,62,1,0,0,1,0,0,0,0,1,0,0,1,0,0,1,0,0,0,0
"734",5144,"F",34,"SC","H","T","C",12000,0,17,22,15,54,1,0,0,1,0,0,0,0,1,0,0,0,1,0,1,0,0,0,0
"735",5141,"T",37,"OT","H","K","A",3000,2,29,27,18,74,0,1,1,0,0,0,0,0,1,0,0,1,0,0,0,0,1,0,0
"736",822,"F",25,"SC","H","T","C",3500,1,17,24,8,49,1,0,0,1,0,0,0,0,1,0,0,0,1,0,1,0,0,0,0
"737",5406,"T",25,"OT","H","U","A",3600,0,14,28,22,64,0,1,1,0,0,0,0,0,1,0,0,1,0,0,0,1,0,0,0
"738",3645,"F",20,"SC","H","T","C",4000,2,15,33,10,58,1,0,0,1,0,0,0,0,1,0,0,0,1,0,1,0,0,0,0
"739",332,"F",21,"OT","H","T","C",4000,0,3,14,4,23,1,0,0,1,0,0,0,0,1,0,0,1,0,0,1,0,0,0,0
"740",3483,"F",36,"OT","H","T","C",12000,0,14,30,14,58,1,0,0,1,0,0,0,0,1,0,0,1,0,0,1,0,0,0,0
"741",3101,"F",30,"OT","H","T","A",5800,4,12,26,23,61,1,0,1,0,0,0,0,0,1,0,0,1,0,0,1,0,0,0,0
"742",4654,"T",34,"OT","H","T","C",6000,0,6,24,24,54,0,1,0,1,0,0,0,0,1,0,0,1,0,0,1,0,0,0,0
"743",4706,"F",27,"OT","H","T","C",4800,0,10,30,20,60,1,0,0,1,0,0,0,0,1,0,0,1,0,0,1,0,0,0,0
"744",2000,"F",43,"OT","H","T","A",5000,1.5,15,21,5,41,1,0,1,0,0,0,0,0,1,0,0,1,0,0,1,0,0,0,0
"745",4245,"T",26,"SC","H","T","C",7000,0,4,0,1,23,0,1,0,1,0,0,0,0,1,0,0,0,1,0,1,0,0,0,0
"746",4073,"F",35,"OT","M","D","C",5300,0,14,30,25,69,1,0,0,1,0,0,0,0,0,1,0,1,0,0,0,0,0,1,0
"747",3257,"F",15,"SC","H","T","C",4500,0,14,24,26,64,1,0,0,1,0,0,0,0,1,0,0,0,1,0,1,0,0,0,0
"748",3026,"F",20,"SC","H","T","C",4000,0,14,26,14,54,1,0,0,1,0,0,0,0,1,0,0,0,1,0,1,0,0,0,0
"749",3980,"F",27,"SC","H","T","B",6000,1,16,34,28,78,1,0,0,0,0,0,1,0,1,0,0,0,1,0,1,0,0,0,0
"750",3353,"F",15,"OT","H","T","C",2000,0,18,30,20,68,1,0,0,1,0,0,0,0,1,0,0,1,0,0,1,0,0,0,0
"751",4976,"T",16,"OT","H","U","A",4000,0,13,27,22,62,0,1,1,0,0,0,0,0,1,0,0,1,0,0,0,1,0,0,0
"752",333,"F",40,"OT","H","T","C",6000,2,19,32,21,72,1,0,0,1,0,0,0,0,1,0,0,1,0,0,1,0,0,0,0
"753",5299,"F",25,"OT","H","U","A",3500,1.5,18,33,20,71,1,0,1,0,0,0,0,0,1,0,0,1,0,0,0,1,0,0,0
"754",5610,"T",38,"OT","C","T","C",5400,0,26,35,23,84,0,1,0,1,0,0,0,0,0,0,1,1,0,0,1,0,0,0,0
"755",1530,"F",30,"SC","H","T","C",4000,0,8,16,14,38,1,0,0,1,0,0,0,0,1,0,0,0,1,0,1,0,0,0,0
"756",3991,"F",29,"SC","H","T","C",5000,0,20,27,15,62,1,0,0,1,0,0,0,0,1,0,0,0,1,0,1,0,0,0,0
"757",5040,"F",28,"SC","H","K","C",9000,0,7,28,24,59,1,0,0,1,0,0,0,0,1,0,0,0,1,0,0,0,1,0,0
"758",684,"F",25,"OT","H","T","C",2000,0,14,28,10,52,1,0,0,1,0,0,0,0,1,0,0,1,0,0,1,0,0,0,0
"759",3059,"T",22,"OT","H","T","C",5000,0,15,21,26,62,0,1,0,1,0,0,0,0,1,0,0,1,0,0,1,0,0,0,0
"760",3566,"F",28,"SC","H","T","C",6000,0,13,33,16,62,1,0,0,1,0,0,0,0,1,0,0,0,1,0,1,0,0,0,0
"761",86,"F",30,"SC","H","T","A",5000,1,3.5,24.5,0,28,1,0,1,0,0,0,0,0,1,0,0,0,1,0,1,0,0,0,0
"762",2864,"F",35,"SC","H","T","C",3500,2,10,30,23,63,1,0,0,1,0,0,0,0,1,0,0,0,1,0,1,0,0,0,0
"763",632,"F",28,"OT","H","T","C",7000,0,18,21,23,62,1,0,0,1,0,0,0,0,1,0,0,1,0,0,1,0,0,0,0
"764",621,"T",25,"OT","H","T","C",5000,0,18,29,22,69,0,1,0,1,0,0,0,0,1,0,0,1,0,0,1,0,0,0,0
"765",4084,"F",30,"OT","H","T","C",4000,0,10,26,22,58,1,0,0,1,0,0,0,0,1,0,0,1,0,0,1,0,0,0,0
"766",1337,"T",28,"SC","H","T","C",6000,0,14,7,21,42,0,1,0,1,0,0,0,0,1,0,0,0,1,0,1,0,0,0,0
"767",2602,"T",15,"OT","H","T","A",5000,0,15,22,17,54,0,1,1,0,0,0,0,0,1,0,0,1,0,0,1,0,0,0,0
"768",76,"T",24,"OT","H","T","A",3000,1,18,35,28,81,0,1,1,0,0,0,0,0,1,0,0,1,0,0,1,0,0,0,0
"769",5575,"F",42,"OT","H","U","C",2000,0,12,38,24,74,1,0,0,1,0,0,0,0,1,0,0,1,0,0,0,1,0,0,0
"770",703,"F",36,"OT","H","T","C",3000,0,20,30,25,75,1,0,0,1,0,0,0,0,1,0,0,1,0,0,1,0,0,0,0
"771",1443,"F",20,"OT","H","T","C",5200,1,12,20,27,59,1,0,0,1,0,0,0,0,1,0,0,1,0,0,1,0,0,0,0
"772",3843,"T",21,"SC","H","T","A",6000,2,20,30,17,67,0,1,1,0,0,0,0,0,1,0,0,0,1,0,1,0,0,0,0
"773",5308,"T",28,"SC","H","K","C",2700,0,13,22,22,57,0,1,0,1,0,0,0,0,1,0,0,0,1,0,0,0,1,0,0
"774",5111,"F",41,"SC","H","T","A",6500,0,14,19,22,55,1,0,1,0,0,0,0,0,1,0,0,0,1,0,1,0,0,0,0
"775",5340,"F",18,"SC","H","T","C",12000,0,20,38,26,84,1,0,0,1,0,0,0,0,1,0,0,0,1,0,1,0,0,0,0
"776",1139,"F",30,"OT","H","T","C",3000,0,10,23,12,45,1,0,0,1,0,0,0,0,1,0,0,1,0,0,1,0,0,0,0
"777",924,"F",29,"OT","H","T","C",6800,0,13,21,11,45,1,0,0,1,0,0,0,0,1,0,0,1,0,0,1,0,0,0,0
"778",4268,"T",25,"OT","H","T","C",7500,0,13,12,16,41,0,1,0,1,0,0,0,0,1,0,0,1,0,0,1,0,0,0,0
"779",3130,"F",30,"OT","H","T","C",5000,0,20,32,23,75,1,0,0,1,0,0,0,0,1,0,0,1,0,0,1,0,0,0,0
"780",2498,"F",19,"OT","H","T","A",5000,0,7,15,12,34,1,0,1,0,0,0,0,0,1,0,0,1,0,0,1,0,0,0,0
"781",4367,"F",39,"SC","H","T","C",6000,0,14,28,27,69,1,0,0,1,0,0,0,0,1,0,0,0,1,0,1,0,0,0,0
"782",84,"T",33,"OT","H","T","C",3900,0,13,34,17,64,0,1,0,1,0,0,0,0,1,0,0,1,0,0,1,0,0,0,0
"783",4355,"F",28,"SC","H","T","C",6000,0,16,27,22,65,1,0,0,1,0,0,0,0,1,0,0,0,1,0,1,0,0,0,0
"784",5191,"T",29,"SC","H","K","A",12000,3,9,15,16,40,0,1,1,0,0,0,0,0,1,0,0,0,1,0,0,0,1,0,0
"785",2615,"T",40,"OT","H","T","C",5700,0,15,23,22,60,0,1,0,1,0,0,0,0,1,0,0,1,0,0,1,0,0,0,0
"786",1717,"T",28,"SC","H","T","C",3000,0,4,21,16,41,0,1,0,1,0,0,0,0,1,0,0,0,1,0,1,0,0,0,0
"787",3508,"F",27,"OT","H","T","C",8000,0,18,22,13,53,1,0,0,1,0,0,0,0,1,0,0,1,0,0,1,0,0,0,0
"788",3808,"F",26,"SC","H","T","C",4000,0,15,20,20,55,1,0,0,1,0,0,0,0,1,0,0,0,1,0,1,0,0,0,0
"789",4378,"T",28,"OT","H","T","C",10500,0,11,24,27,62,0,1,0,1,0,0,0,0,1,0,0,1,0,0,1,0,0,0,0
"790",1068,"F",43,"OT","H","T","C",5000,0,17,19,11,47,1,0,0,1,0,0,0,0,1,0,0,1,0,0,1,0,0,0,0
"791",1676,"F",15,"SC","H","T","C",0,0,10,15,12,37,1,0,0,1,0,0,0,0,1,0,0,0,1,0,1,0,0,0,0
"792",3218,"F",26,"SC","H","T","C",3000,0,16,33,23,72,1,0,0,1,0,0,0,0,1,0,0,0,1,0,1,0,0,0,0
"793",2362,"T",40,"OT","H","T","C",5500,0,18,35,17,70,0,1,0,1,0,0,0,0,1,0,0,1,0,0,1,0,0,0,0
"794",1744,"T",28,"OT","H","T","C",2800,0,9,3,3,23,0,1,0,1,0,0,0,0,1,0,0,1,0,0,1,0,0,0,0
"795",1761,"F",30,"SC","H","T","C",1500,0,15,38,26,79,1,0,0,1,0,0,0,0,1,0,0,0,1,0,1,0,0,0,0
"796",4117,"T",35,"OT","H","T","C",1000,0,13,20,24,57,0,1,0,1,0,0,0,0,1,0,0,1,0,0,1,0,0,0,0
"797",3802,"F",19,"OT","H","T","C",1600,0,6,19,18,43,1,0,0,1,0,0,0,0,1,0,0,1,0,0,1,0,0,0,0
"798",3965,"F",20,"OT","H","T","A",7000,1,20,35,22,77,1,0,1,0,0,0,0,0,1,0,0,1,0,0,1,0,0,0,0
"799",1087,"F",30,"OT","H","T","C",6500,0,13,23,14,50,1,0,0,1,0,0,0,0,1,0,0,1,0,0,1,0,0,0,0
"800",276,"F",18,"OT","H","T","C",7000,0,25,30,14,69,1,0,0,1,0,0,0,0,1,0,0,1,0,0,1,0,0,0,0
"801",3611,"F",37,"OT","H","T","C",5300,0,11,22,17,50,1,0,0,1,0,0,0,0,1,0,0,1,0,0,1,0,0,0,0
"802",5174,"T",25,"OT","H","U","A",5000,5,8,25,24,57,0,1,1,0,0,0,0,0,1,0,0,1,0,0,0,1,0,0,0
"803",5930,"F",21,"OT","H","T","A",8000,2,24,27.5,18,69,1,0,1,0,0,0,0,0,1,0,0,1,0,0,1,0,0,0,0
"804",1766,"F",30,"OT","H","T","C",5000,0,22,21,19,62,1,0,0,1,0,0,0,0,1,0,0,1,0,0,1,0,0,0,0
"805",2096,"F",35,"OT","H","T","C",2000,0,16,23,18,57,1,0,0,1,0,0,0,0,1,0,0,1,0,0,1,0,0,0,0
"806",356,"T",14,"OT","H","T","C",7000,0,18,35,17,70,0,1,0,1,0,0,0,0,1,0,0,1,0,0,1,0,0,0,0
"807",4347,"F",28,"OT","H","T","C",7000,0,14,31,24,69,1,0,0,1,0,0,0,0,1,0,0,1,0,0,1,0,0,0,0
"808",486,"F",38,"SC","H","T","C",6100,0,21,28,17,66,1,0,0,1,0,0,0,0,1,0,0,0,1,0,1,0,0,0,0
"809",2116,"F",37,"OT","H","T","C",10000,4,13,34,13,60,1,0,0,1,0,0,0,0,1,0,0,1,0,0,1,0,0,0,0
"810",2533,"F",31,"OT","H","T","C",5000,0,18,32,21,71,1,0,0,1,0,0,0,0,1,0,0,1,0,0,1,0,0,0,0
"811",1918,"T",28,"OT","H","T","A",12000,3,15,28,7,50,0,1,1,0,0,0,0,0,1,0,0,1,0,0,1,0,0,0,0
"812",1492,"T",40,"OT","H","T","A",12000,5,8.5,34,16,59,0,1,1,0,0,0,0,0,1,0,0,1,0,0,1,0,0,0,0
"813",2805,"F",30,"OT","H","T","C",3000,0,8,0,6,23,1,0,0,1,0,0,0,0,1,0,0,1,0,0,1,0,0,0,0
"814",1672,"F",37,"SC","H","T","C",0,0,10,33,16,59,1,0,0,1,0,0,0,0,1,0,0,0,1,0,1,0,0,0,0
"815",2440,"F",29,"OT","H","T","C",6000,0,10,32,15,57,1,0,0,1,0,0,0,0,1,0,0,1,0,0,1,0,0,0,0
"816",5722,"T",20,"OT","H","T","C",3000,0,22,13,17,52,0,1,0,1,0,0,0,0,1,0,0,1,0,0,1,0,0,0,0
"817",1506,"F",28,"SC","H","T","C",4000,0,11,34,13,58,1,0,0,1,0,0,0,0,1,0,0,0,1,0,1,0,0,0,0
"818",4761,"F",25,"SC","H","T","C",6000,0,10,22,25,57,1,0,0,1,0,0,0,0,1,0,0,0,1,0,1,0,0,0,0
"819",906,"F",26,"OT","H","T","C",4800,0,10,23,10,43,1,0,0,1,0,0,0,0,1,0,0,1,0,0,1,0,0,0,0
"820",3897,"T",18,"OT","H","T","A",8000,0,18,22,2,42,0,1,1,0,0,0,0,0,1,0,0,1,0,0,1,0,0,0,0
"821",1455,"F",28,"OT","H","T","C",4500,0,13,35,14,62,1,0,0,1,0,0,0,0,1,0,0,1,0,0,1,0,0,0,0
"822",1245,"F",27,"OT","H","T","C",4600,0,23,29,17,69,1,0,0,1,0,0,0,0,1,0,0,1,0,0,1,0,0,0,0
"823",5525,"F",16,"OT","C","T","C",1000,0,11,24,10,45,1,0,0,1,0,0,0,0,0,0,1,1,0,0,1,0,0,0,0
"824",1892,"F",20,"OT","H","T","C",7500,0,12,24,12,48,1,0,0,1,0,0,0,0,1,0,0,1,0,0,1,0,0,0,0
"825",1296,"F",30,"SC","H","T","C",4500,0,7,31,24,62,1,0,0,1,0,0,0,0,1,0,0,0,1,0,1,0,0,0,0
"826",1407,"F",25,"OT","H","T","C",7500,3,18,35,18,71,1,0,0,1,0,0,0,0,1,0,0,1,0,0,1,0,0,0,0
"827",1115,"F",25,"OT","H","T","C",2000,0,12,20,12,44,1,0,0,1,0,0,0,0,1,0,0,1,0,0,1,0,0,0,0
"828",32,"T",32,"OT","H","T","C",4000,0,10.5,22,14,47,0,1,0,1,0,0,0,0,1,0,0,1,0,0,1,0,0,0,0
"829",808,"F",29,"SC","H","T","C",4000,0,16,40,20,76,1,0,0,1,0,0,0,0,1,0,0,0,1,0,1,0,0,0,0
"830",718,"F",16,"OT","H","T","C",2500,0,16,29,22,67,1,0,0,1,0,0,0,0,1,0,0,1,0,0,1,0,0,0,0
"831",3293,"F",18,"OT","H","T","C",7500,0,9,3,13,25,1,0,0,1,0,0,0,0,1,0,0,1,0,0,1,0,0,0,0
"832",1926,"F",35,"OT","H","T","A",5000,4,7,13,6,26,1,0,1,0,0,0,0,0,1,0,0,1,0,0,1,0,0,0,0
"833",3092,"T",23,"OT","H","T","C",5000,0,17,27,18,62,0,1,0,1,0,0,0,0,1,0,0,1,0,0,1,0,0,0,0
"834",2724,"T",31,"OT","H","T","C",5000,0,16,15,18,49,0,1,0,1,0,0,0,0,1,0,0,1,0,0,1,0,0,0,0
"835",2011,"F",21,"SC","H","T","C",3000,0,21,13,14,48,1,0,0,1,0,0,0,0,1,0,0,0,1,0,1,0,0,0,0
"836",1157,"F",37,"SC","H","T","C",4500,0,14,32,12,58,1,0,0,1,0,0,0,0,1,0,0,0,1,0,1,0,0,0,0
"837",946,"F",31,"SC","H","T","C",6050,0,25,21,17,63,1,0,0,1,0,0,0,0,1,0,0,0,1,0,1,0,0,0,0
"838",3918,"F",38,"OT","H","T","C",6000,0,21,32,23,76,1,0,0,1,0,0,0,0,1,0,0,1,0,0,1,0,0,0,0
"839",771,"F",30,"OT","H","T","C",3000,0,19,30,26,75,1,0,0,1,0,0,0,0,1,0,0,1,0,0,1,0,0,0,0
"840",2838,"F",22,"OT","H","T","C",4000,1,9,34,16,59,1,0,0,1,0,0,0,0,1,0,0,1,0,0,1,0,0,0,0
"841",2036,"F",37,"OT","H","T","C",2000,0,15,31,4,50,1,0,0,1,0,0,0,0,1,0,0,1,0,0,1,0,0,0,0
"842",3259,"T",25,"SC","H","T","C",4500,0,18,25,18,61,0,1,0,1,0,0,0,0,1,0,0,0,1,0,1,0,0,0,0
"843",4561,"T",21,"OT","H","T","A",9000,3,15,9,17,41,0,1,1,0,0,0,0,0,1,0,0,1,0,0,1,0,0,0,0
"844",2524,"F",28,"OT","H","T","A",6000,0,10,15,11,36,1,0,1,0,0,0,0,0,1,0,0,1,0,0,1,0,0,0,0
"845",2952,"T",20,"OT","H","T","A",10000,2,15,15,17,47,0,1,1,0,0,0,0,0,1,0,0,1,0,0,1,0,0,0,0
"846",2510,"T",33,"OT","H","T","C",7500,0,10,34,8,52,0,1,0,1,0,0,0,0,1,0,0,1,0,0,1,0,0,0,0
"847",4705,"F",38,"OT","H","T","C",5600,0,14,32,23,69,1,0,0,1,0,0,0,0,1,0,0,1,0,0,1,0,0,0,0
"848",180,"F",27,"OT","H","T","C",1000,0,15,22,7,44,1,0,0,1,0,0,0,0,1,0,0,1,0,0,1,0,0,0,0
"849",4571,"T",37,"OT","H","T","A",3600,0,17,16,23,56,0,1,1,0,0,0,0,0,1,0,0,1,0,0,1,0,0,0,0
"850",3209,"T",45,"OT","H","T","A",12000,6,22,34,19,75,0,1,1,0,0,0,0,0,1,0,0,1,0,0,1,0,0,0,0
"851",680,"F",26,"OT","H","T","C",2650,3,16,25,11,52,1,0,0,1,0,0,0,0,1,0,0,1,0,0,1,0,0,0,0
"852",4648,"T",22,"OT","H","T","C",2900,0,9,30,26,65,0,1,0,1,0,0,0,0,1,0,0,1,0,0,1,0,0,0,0
"853",2702,"F",25,"OT","H","T","A",4000,2,15,4,10,29,1,0,1,0,0,0,0,0,1,0,0,1,0,0,1,0,0,0,0
"854",5385,"F",30,"OT","H","U","C",2000,0,25,27,19,71,1,0,0,1,0,0,0,0,1,0,0,1,0,0,0,1,0,0,0
"855",3959,"F",40,"OT","H","U","C",6000,0,15,27,26,68,1,0,0,1,0,0,0,0,1,0,0,1,0,0,0,1,0,0,0
"856",5925,"F",25,"OT","H","T","A",12000,4.5,18,34,23,75,1,0,1,0,0,0,0,0,1,0,0,1,0,0,1,0,0,0,0
"857",5460,"T",23,"OT","H","U","A",2000,0,5,28,23,56,0,1,1,0,0,0,0,0,1,0,0,1,0,0,0,1,0,0,0
"858",874,"F",35,"SC","H","T","C",3000,1,26,35,16,77,1,0,0,1,0,0,0,0,1,0,0,0,1,0,1,0,0,0,0
"859",4221,"F",25,"OT","H","T","A",10000,0,16,20,21,57,1,0,1,0,0,0,0,0,1,0,0,1,0,0,1,0,0,0,0
"860",2210,"T",25,"OT","H","T","A",11800,0,10,14,6,30,0,1,1,0,0,0,0,0,1,0,0,1,0,0,1,0,0,0,0
"861",4089,"T",30,"OT","H","T","C",4000,0,8,28,26,62,0,1,0,1,0,0,0,0,1,0,0,1,0,0,1,0,0,0,0
"862",5446,"T",30,"OT","H","U","C",5000,0,8,24,15,47,0,1,0,1,0,0,0,0,1,0,0,1,0,0,0,1,0,0,0
"863",1566,"F",15,"SC","H","T","C",1000,0,11,37,17,65,1,0,0,1,0,0,0,0,1,0,0,0,1,0,1,0,0,0,0
"864",1524,"F",32,"SC","H","T","C",2500,0,13,35,6,54,1,0,0,1,0,0,0,0,1,0,0,0,1,0,1,0,0,0,0
"865",134,"F",19,"OT","H","T","C",3700,0,22,32,19,73,1,0,0,1,0,0,0,0,1,0,0,1,0,0,1,0,0,0,0
"866",1598,"F",45,"SC","H","T","C",3500,0,12,24,4,40,1,0,0,1,0,0,0,0,1,0,0,0,1,0,1,0,0,0,0
"867",721,"F",17,"OT","H","T","C",2500,0,17,30,23,70,1,0,0,1,0,0,0,0,1,0,0,1,0,0,1,0,0,0,0
"868",125,"T",21,"SC","H","T","C",5000,0,2,9,12,23,0,1,0,1,0,0,0,0,1,0,0,0,1,0,1,0,0,0,0
"869",5717,"T",21,"OT","H","T","C",3500,0,21,6,15,42,0,1,0,1,0,0,0,0,1,0,0,1,0,0,1,0,0,0,0
"870",5493,"F",18,"OT","H","T","C",6000,0,19,22,13,54,1,0,0,1,0,0,0,0,1,0,0,1,0,0,1,0,0,0,0
"871",5665,"T",42,"SC","H","K","A",5000,0,7,34,30,71,0,1,1,0,0,0,0,0,1,0,0,0,1,0,0,0,1,0,0
"872",3940,"F",35,"OT","H","T","A",6000,0,15,35,15,65,1,0,1,0,0,0,0,0,1,0,0,1,0,0,1,0,0,0,0
"873",423,"F",24,"SC","H","T","C",3500,0,11,31,15,57,1,0,0,1,0,0,0,0,1,0,0,0,1,0,1,0,0,0,0
"874",3244,"F",18,"SC","H","T","C",5000,0,15,24,25,64,1,0,0,1,0,0,0,0,1,0,0,0,1,0,1,0,0,0,0
"875",1842,"F",37,"OT","H","T","C",10000,0,20,20,10,50,1,0,0,1,0,0,0,0,1,0,0,1,0,0,1,0,0,0,0
"876",1071,"F",44,"OT","H","T","C",5000,0,14,20,15,49,1,0,0,1,0,0,0,0,1,0,0,1,0,0,1,0,0,0,0
"877",5937,"T",18,"OT","H","T","U",0,0,13,34,9,56,0,1,0,0,1,0,0,0,1,0,0,1,0,0,1,0,0,0,0
"878",3031,"T",35,"OT","H","T","A",4500,1.5,15,29,20,64,0,1,1,0,0,0,0,0,1,0,0,1,0,0,1,0,0,0,0
"879",4208,"F",40,"OT","H","T","C",7500,0,20,28,26,74,1,0,0,1,0,0,0,0,1,0,0,1,0,0,1,0,0,0,0
"880",1045,"F",29,"SC","H","T","C",6000,0,20,40,15,75,1,0,0,1,0,0,0,0,1,0,0,0,1,0,1,0,0,0,0
"881",875,"F",31,"SC","H","T","C",3000,1,7,32,13,52,1,0,0,1,0,0,0,0,1,0,0,0,1,0,1,0,0,0,0
"882",1131,"T",38,"OT","H","T","A",12000,0,15,23,9,47,0,1,1,0,0,0,0,0,1,0,0,1,0,0,1,0,0,0,0
"883",4420,"F",37,"OT","H","T","C",5000,0,25,23,24,72,1,0,0,1,0,0,0,0,1,0,0,1,0,0,1,0,0,0,0
"884",896,"F",38,"OT","H","T","C",4200,0,10,20,11,41,1,0,0,1,0,0,0,0,1,0,0,1,0,0,1,0,0,0,0
"885",1451,"F",33,"SC","H","T","C",7000,0,16,34,17,67,1,0,0,1,0,0,0,0,1,0,0,0,1,0,1,0,0,0,0
"886",1579,"F",22,"SC","H","T","C",2200,0,12,25,16,53,1,0,0,1,0,0,0,0,1,0,0,0,1,0,1,0,0,0,0
"887",5243,"T",25,"OT","H","U","A",10000,2,11,17,17,45,0,1,1,0,0,0,0,0,1,0,0,1,0,0,0,1,0,0,0
"888",4047,"F",45,"OT","H","T","C",2000,0,15,24,26,65,1,0,0,1,0,0,0,0,1,0,0,1,0,0,1,0,0,0,0
"889",4725,"F",20,"OT","H","T","A",3000,0,12,21,12,45,1,0,1,0,0,0,0,0,1,0,0,1,0,0,1,0,0,0,0
"890",590,"F",35,"OT","H","T","C",4500,0,11,32,22,65,1,0,0,1,0,0,0,0,1,0,0,1,0,0,1,0,0,0,0
"891",5284,"T",28,"OT","H","U","A",8000,1,10,8,23,41,0,1,1,0,0,0,0,0,1,0,0,1,0,0,0,1,0,0,0
"892",508,"F",21,"OT","H","T","C",4200,0,17,24,13,54,1,0,0,1,0,0,0,0,1,0,0,1,0,0,1,0,0,0,0
"893",2787,"T",25,"ST","H","T","C",5000,0,8,16,11,35,0,1,0,1,0,0,0,0,1,0,0,0,0,1,1,0,0,0,0
"894",4172,"F",28,"OT","H","T","A",9500,2,6,16,11,33,1,0,1,0,0,0,0,0,1,0,0,1,0,0,1,0,0,0,0
"895",4728,"F",19,"OT","H","T","A",4000,0,14,29,19,62,1,0,1,0,0,0,0,0,1,0,0,1,0,0,1,0,0,0,0
"896",639,"F",24,"OT","H","T","C",3900,0,19,38,21,78,1,0,0,1,0,0,0,0,1,0,0,1,0,0,1,0,0,0,0
"897",2348,"F",25,"SC","H","T","C",6500,0,12,34,12,58,1,0,0,1,0,0,0,0,1,0,0,0,1,0,1,0,0,0,0
"898",1502,"F",35,"SC","H","T","C",3000,0,13,26,21,60,1,0,0,1,0,0,0,0,1,0,0,0,1,0,1,0,0,0,0
"899",2415,"F",26,"OT","H","T","C",8200,0,5,24,9,38,1,0,0,1,0,0,0,0,1,0,0,1,0,0,1,0,0,0,0
"900",3232,"T",18,"SC","H","T","C",6000,0,26,31,27,84,0,1,0,1,0,0,0,0,1,0,0,0,1,0,1,0,0,0,0
"901",5087,"F",19,"OT","H","K","A",12000,2,18,31,16,65,1,0,1,0,0,0,0,0,1,0,0,1,0,0,0,0,1,0,0
"902",3389,"T",27,"OT","H","T","C",2900,0,17,32,7,56,0,1,0,1,0,0,0,0,1,0,0,1,0,0,1,0,0,0,0
"903",3180,"F",22,"OT","H","T","C",4000,0,20,33,18,71,1,0,0,1,0,0,0,0,1,0,0,1,0,0,1,0,0,0,0
"904",628,"F",35,"OT","H","T","C",4000,0,17,28,17,62,1,0,0,1,0,0,0,0,1,0,0,1,0,0,1,0,0,0,0
"905",2452,"F",32,"OT","H","T","C",8500,0,13,25,18,56,1,0,0,1,0,0,0,0,1,0,0,1,0,0,1,0,0,0,0
"906",811,"F",25,"SC","H","T","C",5000,0,0,0,0,23,1,0,0,1,0,0,0,0,1,0,0,0,1,0,1,0,0,0,0
"907",340,"F",22,"OT","H","T","C",9000,0,18,26,6,50,1,0,0,1,0,0,0,0,1,0,0,1,0,0,1,0,0,0,0
"908",5394,"T",30,"SC","H","T","C",3000,0,14.5,23,15.5,53,0,1,0,1,0,0,0,0,1,0,0,0,1,0,1,0,0,0,0
"909",1748,"T",24,"OT","H","T","C",3000,0,8,23,19,50,0,1,0,1,0,0,0,0,1,0,0,1,0,0,1,0,0,0,0
"910",714,"F",28,"OT","H","T","C",3000,0,11,27,16,54,1,0,0,1,0,0,0,0,1,0,0,1,0,0,1,0,0,0,0
"911",1199,"F",24,"SC","H","T","C",3700,0,13,35,18,66,1,0,0,1,0,0,0,0,1,0,0,0,1,0,1,0,0,0,0
"912",1119,"T",37,"OT","H","T","C",6800,0,12,19,22,53,0,1,0,1,0,0,0,0,1,0,0,1,0,0,1,0,0,0,0
"913",4125,"T",16,"SC","H","T","C",7000,0,12,24,22,58,0,1,0,1,0,0,0,0,1,0,0,0,1,0,1,0,0,0,0
"914",2809,"F",35,"OT","H","T","C",5000,0,9,29,13,51,1,0,0,1,0,0,0,0,1,0,0,1,0,0,1,0,0,0,0
"915",438,"F",32,"OT","H","T","C",4000,0,11,20,21.5,53,1,0,0,1,0,0,0,0,1,0,0,1,0,0,1,0,0,0,0
"916",4414,"F",16,"OT","H","T","C",4000,0,19,26,21,66,1,0,0,1,0,0,0,0,1,0,0,1,0,0,1,0,0,0,0
"917",5317,"F",26,"SC","H","T","C",3000,0,13,19,22,54,1,0,0,1,0,0,0,0,1,0,0,0,1,0,1,0,0,0,0
"918",2843,"F",30,"SC","H","T","C",4000,1,16,32,21,69,1,0,0,1,0,0,0,0,1,0,0,0,1,0,1,0,0,0,0
"919",5376,"F",27,"OT","H","T","A",12000,2,15,28,27,69,1,0,1,0,0,0,0,0,1,0,0,1,0,0,1,0,0,0,0
"920",5661,"T",28,"OT","C","T","A",2000,2,10,24,20,54,0,1,1,0,0,0,0,0,0,0,1,1,0,0,1,0,0,0,0
"921",5787,"F",25,"OT","H","K","A",9000,2,20,19,24,63,1,0,1,0,0,0,0,0,1,0,0,1,0,0,0,0,1,0,0
"922",432,"F",28,"OT","H","T","C",4000,0,0,0,0,23,1,0,0,1,0,0,0,0,1,0,0,1,0,0,1,0,0,0,0
"923",3194,"F",29,"OT","H","T","A",12000,5,12,33,21,66,1,0,1,0,0,0,0,0,1,0,0,1,0,0,1,0,0,0,0
"924",5685,"T",10,"ST","H","K","A",5100,0,13,27,17,57,0,1,1,0,0,0,0,0,1,0,0,0,0,1,0,0,1,0,0
"925",3827,"T",17,"OT","H","U","C",4500,0,22,28,15,65,0,1,0,1,0,0,0,0,1,0,0,1,0,0,0,1,0,0,0
"926",472,"T",29,"OT","H","T","C",4700,0,8,11,10.5,30,0,1,0,1,0,0,0,0,1,0,0,1,0,0,1,0,0,0,0
"927",3587,"F",30,"OT","H","U","C",12000,3,17,27,21,65,1,0,0,1,0,0,0,0,1,0,0,1,0,0,0,1,0,0,0
"928",2431,"F",32,"OT","H","T","C",8000,0,9,33,25,67,1,0,0,1,0,0,0,0,1,0,0,1,0,0,1,0,0,0,0
"929",5025,"F",13,"SC","H","U","C",6000,0,12,24,22,58,1,0,0,1,0,0,0,0,1,0,0,0,1,0,0,1,0,0,0
"930",1244,"F",37,"SC","H","T","H",3700,0,14,22,13,49,1,0,0,0,0,1,0,0,1,0,0,0,1,0,1,0,0,0,0
"931",3865,"F",16,"OT","H","K","C",4500,0,21,37,14,72,1,0,0,1,0,0,0,0,1,0,0,1,0,0,0,0,1,0,0
"932",4180,"F",25,"SC","H","T","C",7500,0,11,13,22,46,1,0,0,1,0,0,0,0,1,0,0,0,1,0,1,0,0,0,0
"933",4216,"F",30,"OT","H","T","A",10000,2,19,28,25,72,1,0,1,0,0,0,0,0,1,0,0,1,0,0,1,0,0,0,0
"934",2149,"F",35,"OT","H","T","A",8000,0,8,35,16,59,1,0,1,0,0,0,0,0,1,0,0,1,0,0,1,0,0,0,0
"935",1852,"F",35,"OT","H","T","C",7000,0,14,7,0,23,1,0,0,1,0,0,0,0,1,0,0,1,0,0,1,0,0,0,0
"936",1002,"F",45,"OT","H","T","C",6000,0,9,15,23,47,1,0,0,1,0,0,0,0,1,0,0,1,0,0,1,0,0,0,0
"937",10,"F",25,"OT","H","T","A",7400,1,4,0,11,23,1,0,1,0,0,0,0,0,1,0,0,1,0,0,1,0,0,0,0
"938",2090,"F",20,"OT","H","T","C",7000,5,11,34,13,58,1,0,0,1,0,0,0,0,1,0,0,1,0,0,1,0,0,0,0
"939",2468,"F",32,"OT","H","T","C",7500,0,6,9,2,23,1,0,0,1,0,0,0,0,1,0,0,1,0,0,1,0,0,0,0
"940",3546,"F",32,"SC","H","T","C",6000,0,8,34,10,52,1,0,0,1,0,0,0,0,1,0,0,0,1,0,1,0,0,0,0
"941",4834,"T",16,"OT","H","U","C",2600,0,13,22,14,49,0,1,0,1,0,0,0,0,1,0,0,1,0,0,0,1,0,0,0
"942",5139,"F",35,"OT","H","T","C",12000,0,8,19,14,41,1,0,0,1,0,0,0,0,1,0,0,1,0,0,1,0,0,0,0
"943",2051,"F",23,"OT","H","T","C",6500,0,19,34,13,66,1,0,0,1,0,0,0,0,1,0,0,1,0,0,1,0,0,0,0
"944",279,"F",33,"OT","H","T","C",7000,0,21,24,17,62,1,0,0,1,0,0,0,0,1,0,0,1,0,0,1,0,0,0,0
"945",2822,"F",27,"OT","H","T","C",6000,3,13,20,14,47,1,0,0,1,0,0,0,0,1,0,0,1,0,0,1,0,0,0,0
"946",1383,"F",30,"SC","H","T","C",3500,0,11,21,12,44,1,0,0,1,0,0,0,0,1,0,0,0,1,0,1,0,0,0,0
"947",1067,"F",40,"OT","H","T","C",550,0,14,16,16,46,1,0,0,1,0,0,0,0,1,0,0,1,0,0,1,0,0,0,0
"948",2352,"F",23,"OT","H","T","C",7500,0,15,35,16,66,1,0,0,1,0,0,0,0,1,0,0,1,0,0,1,0,0,0,0
"949",4565,"T",28,"OT","H","T","A",3600,1,17,24,22,63,0,1,1,0,0,0,0,0,1,0,0,1,0,0,1,0,0,0,0
"950",1856,"F",30,"OT","H","T","C",6700,0,10,20,4,34,1,0,0,1,0,0,0,0,1,0,0,1,0,0,1,0,0,0,0
"951",5423,"F",22,"OT","H","U","A",5000,0,9,19,21,49,1,0,1,0,0,0,0,0,1,0,0,1,0,0,0,1,0,0,0
"952",3739,"T",30,"SC","H","T","C",6000,0,17,22,23,62,0,1,0,1,0,0,0,0,1,0,0,0,1,0,1,0,0,0,0
"953",4723,"F",29,"OT","H","T","C",6000,0,21,27,14,62,1,0,0,1,0,0,0,0,1,0,0,1,0,0,1,0,0,0,0
"954",4146,"F",30,"OT","H","T","C",4000,0,12,25,26,63,1,0,0,1,0,0,0,0,1,0,0,1,0,0,1,0,0,0,0
"955",5582,"F",38,"OT","H","T","C",4000,0,17,35,27,79,1,0,0,1,0,0,0,0,1,0,0,1,0,0,1,0,0,0,0
"956",2247,"F",24,"OT","H","T","C",4000,0,17,18,11,46,1,0,0,1,0,0,0,0,1,0,0,1,0,0,1,0,0,0,0
"957",4241,"T",40,"OT","H","T","C",7500,0,9,22,11,42,0,1,0,1,0,0,0,0,1,0,0,1,0,0,1,0,0,0,0
"958",3359,"T",23,"SC","H","T","C",5000,0,18,27,22,67,0,1,0,1,0,0,0,0,1,0,0,0,1,0,1,0,0,0,0
"959",675,"F",17,"SC","H","T","C",300,0,17,28,11,56,1,0,0,1,0,0,0,0,1,0,0,0,1,0,1,0,0,0,0
"960",3423,"F",28,"OT","H","T","A",6000,0,17,35,25,77,1,0,1,0,0,0,0,0,1,0,0,1,0,0,1,0,0,0,0
"961",4548,"T",15,"OT","H","T","A",4000,0,26,34,26,86,0,1,1,0,0,0,0,0,1,0,0,1,0,0,1,0,0,0,0
"962",315,"F",18,"OT","H","T","C",2000,0,13,29,5,47,1,0,0,1,0,0,0,0,1,0,0,1,0,0,1,0,0,0,0
"963",5348,"F",30,"SC","H","K","C",12000,0,15,13,10,38,1,0,0,1,0,0,0,0,1,0,0,0,1,0,0,0,1,0,0
"964",5051,"F",30,"OT","H","U","A",3600,0,5,17,2,24,1,0,1,0,0,0,0,0,1,0,0,1,0,0,0,1,0,0,0
"965",3694,"T",27,"SC","H","U","A",6000,3,19,31,28,78,0,1,1,0,0,0,0,0,1,0,0,0,1,0,0,1,0,0,0
"966",827,"F",35,"SC","H","T","C",4800,0,7,10,21,38,1,0,0,1,0,0,0,0,1,0,0,0,1,0,1,0,0,0,0
"967",1616,"T",20,"SC","H","T","C",5000,0,16,21,11,48,0,1,0,1,0,0,0,0,1,0,0,0,1,0,1,0,0,0,0
"968",766,"F",35,"OT","H","T","C",6000,0,15,30,7,52,1,0,0,1,0,0,0,0,1,0,0,1,0,0,1,0,0,0,0
"969",4843,"F",26,"OT","H","U","C",6000,0,10,25,4,39,1,0,0,1,0,0,0,0,1,0,0,1,0,0,0,1,0,0,0
"970",1021,"F",30,"OT","H","T","C",3000,0,19,19,14,52,1,0,0,1,0,0,0,0,1,0,0,1,0,0,1,0,0,0,0
"971",3043,"F",20,"OT","H","T","A",5000,3,14,25,25,64,1,0,1,0,0,0,0,0,1,0,0,1,0,0,1,0,0,0,0
"972",2433,"T",27,"SC","H","T","C",5000,0,12,34,24,70,0,1,0,1,0,0,0,0,1,0,0,0,1,0,1,0,0,0,0
"973",5832,"F",35,"OT","H","T","C",12000,1,22,28,30,80,1,0,0,1,0,0,0,0,1,0,0,1,0,0,1,0,0,0,0
"974",4589,"F",37,"SC","H","T","A",3750,0,12,23,14,49,1,0,1,0,0,0,0,0,1,0,0,0,1,0,1,0,0,0,0
"975",2316,"F",21,"OT","H","T","A",10000,0,21,39,16,76,1,0,1,0,0,0,0,0,1,0,0,1,0,0,1,0,0,0,0
"976",4147,"T",28,"OT","H","T","C",3000,0,7,27,26,60,0,1,0,1,0,0,0,0,1,0,0,1,0,0,1,0,0,0,0
"977",5411,"T",35,"OT","H","K","A",2500,0,18,28,17,63,0,1,1,0,0,0,0,0,1,0,0,1,0,0,0,0,1,0,0
"978",653,"F",22,"OT","H","T","C",12000,0,12,17,20,49,1,0,0,1,0,0,0,0,1,0,0,1,0,0,1,0,0,0,0
"979",3254,"F",15,"SC","H","T","C",4500,0,20,25,21,66,1,0,0,1,0,0,0,0,1,0,0,0,1,0,1,0,0,0,0
"980",172,"F",24,"OT","H","T","C",4800,0,18,26,8,52,1,0,0,1,0,0,0,0,1,0,0,1,0,0,1,0,0,0,0
"981",1088,"F",31,"OT","H","T","C",6000,0,10,16,11,37,1,0,0,1,0,0,0,0,1,0,0,1,0,0,1,0,0,0,0
"982",1375,"F",35,"SC","H","T","C",3600,0,5,27,12,44,1,0,0,1,0,0,0,0,1,0,0,0,1,0,1,0,0,0,0
"983",839,"F",35,"SC","H","T","C",4850,2,9,23,8,40,1,0,0,1,0,0,0,0,1,0,0,0,1,0,1,0,0,0,0
"984",5233,"F",20,"SC","H","T","C",2500,0,24,31,24,79,1,0,0,1,0,0,0,0,1,0,0,0,1,0,1,0,0,0,0
"985",644,"F",19,"OT","H","T","C",5000,0,13,23,14,50,1,0,0,1,0,0,0,0,1,0,0,1,0,0,1,0,0,0,0
"986",1868,"F",20,"OT","H","T","C",5000,0,11,24,9,44,1,0,0,1,0,0,0,0,1,0,0,1,0,0,1,0,0,0,0
"987",4456,"T",19,"OT","H","T","C",4500,0,18,29,26,73,0,1,0,1,0,0,0,0,1,0,0,1,0,0,1,0,0,0,0
"988",270,"F",20,"OT","H","T","A",2000,0,13,29,14,56,1,0,1,0,0,0,0,0,1,0,0,1,0,0,1,0,0,0,0
"989",2633,"T",28,"OT","H","T","C",6600,0,15,23,21,59,0,1,0,1,0,0,0,0,1,0,0,1,0,0,1,0,0,0,0
"990",523,"F",30,"OT","H","T","C",3500,0,11,8,14,33,1,0,0,1,0,0,0,0,1,0,0,1,0,0,1,0,0,0,0
"991",322,"F",25,"OT","H","U","C",5000,0,15,32,12,59,1,0,0,1,0,0,0,0,1,0,0,1,0,0,0,1,0,0,0
"992",182,"F",26,"OT","H","T","C",1000,0,5,0,2,23,1,0,0,1,0,0,0,0,1,0,0,1,0,0,1,0,0,0,0
